listing_id,neighbourhood,room_type,price_per_night,availability_365,number_of_reviews,reviews_per_month,occupancy_rate,estimated_monthly_revenue
10001,Juarez,Entire home/apt,235,293,149,5.5,0.2,1390.68
10002,Centro Historico,Private room,69,219,339,3.5,0.4,828
10003,Coyoacan,Entire home/apt,250,313,128,2.78,0.14,1068.49
10004,Juarez,Entire home/apt,99,305,437,4.91,0.16,488.22
10005,Condesa,Entire home/apt,42,106,500,4.1,0.71,894.08
10006,Narvarte,Private room,110,217,57,1.1,0.41,1338.08
10007,Coyoacan,Entire home/apt,208,146,197,4.93,0.6,3744
10008,Coyoacan,Entire home/apt,81,193,210,2.57,0.47,1145.1
10009,Juarez,Private room,49,85,44,1.13,0.77,1127.67
10010,Polanco,Private room,181,296,96,1.69,0.19,1026.49
10011,Condesa,Entire home/apt,60,151,278,1.61,0.59,1055.34
10012,Juarez,Entire home/apt,127,246,534,3.12,0.33,1242.16
10013,Condesa,Entire home/apt,266,34,409,1.41,0.91,7236.66
10014,Condesa,Private room,55,299,460,0.74,0.18,298.36
10015,Narvarte,Entire home/apt,72,76,390,0.74,0.79,1710.25
10016,Coyoacan,Entire home/apt,191,259,43,3.5,0.29,1664.05
10017,Centro Historico,Private room,213,127,26,4.41,0.65,4166.63
10018,Narvarte,Private room,166,82,96,1.93,0.78,3861.21
10019,Narvarte,Entire home/apt,62,291,547,0.21,0.2,377.1
10020,Condesa,Private room,294,19,566,0.76,0.95,8360.88
10021,Del Valle,Entire home/apt,110,220,218,5.49,0.4,1310.96
10022,Coyoacan,Private room,101,332,184,2.96,0.09,273.95
10023,Polanco,Entire home/apt,228,161,68,2.72,0.56,3822.9
10024,Narvarte,Entire home/apt,196,14,129,0.23,0.96,5654.47
10025,Centro Historico,Private room,291,204,566,4.37,0.44,3850.77
10026,Del Valle,Entire home/apt,106,292,598,3.17,0.2,636
10027,Del Valle,Entire home/apt,121,122,333,1.21,0.67,2416.68
10028,Polanco,Private room,296,280,153,0.66,0.23,2067.95
10029,Narvarte,Private room,248,172,546,2.3,0.53,3934.03
10030,Centro Historico,Entire home/apt,187,114,78,5.02,0.69,3857.84
10031,Coyoacan,Entire home/apt,244,190,578,5.19,0.48,3509.59
10032,Roma Norte,Entire home/apt,95,53,412,3.62,0.85,2436.16
10033,Centro Historico,Entire home/apt,296,291,545,4.37,0.2,1800.33
10034,Polanco,Entire home/apt,252,184,168,0.69,0.5,3748.93
10035,Del Valle,Entire home/apt,170,171,582,3.53,0.53,2710.68
10036,Coyoacan,Private room,127,360,514,4,0.01,52.19
10037,Centro Historico,Entire home/apt,143,349,313,1.2,0.04,188.05
10038,Roma Norte,Entire home/apt,275,149,31,5.28,0.59,4882.19
10039,Roma Norte,Entire home/apt,176,141,286,1.17,0.61,3240.33
10040,Condesa,Private room,271,96,593,1.88,0.74,5991.7
10041,Condesa,Entire home/apt,211,185,42,3.72,0.49,3121.64
10042,Juarez,Entire home/apt,175,192,0,3.83,0.47,2488.36
10043,Polanco,Entire home/apt,223,138,572,4.2,0.62,4160.63
10044,Narvarte,Entire home/apt,83,255,269,0.67,0.3,750.41
10045,Centro Historico,Entire home/apt,224,98,179,5.1,0.73,4915.73
10046,Centro Historico,Private room,170,75,517,3.2,0.79,4052.05
10047,Narvarte,Private room,77,167,102,2.83,0.54,1253.1
10048,Juarez,Entire home/apt,124,158,9,5.89,0.57,2109.7
10049,Del Valle,Entire home/apt,279,349,582,4.44,0.04,366.9
10050,Del Valle,Private room,226,125,89,0.71,0.66,4458.08
10051,Juarez,Entire home/apt,140,223,225,4.54,0.39,1633.97
10052,Del Valle,Entire home/apt,267,303,125,0.57,0.17,1360.6
10053,Condesa,Entire home/apt,299,262,208,0.16,0.28,2531.26
10054,Centro Historico,Entire home/apt,71,152,96,2.42,0.58,1242.99
10055,Juarez,Entire home/apt,75,259,73,5.96,0.29,653.42
10056,Centro Historico,Private room,51,311,190,1.05,0.15,226.36
10057,Narvarte,Private room,93,34,55,4.04,0.91,2530.11
10058,Roma Norte,Private room,217,286,552,1.04,0.22,1409.01
10059,Condesa,Entire home/apt,75,79,31,4.35,0.78,1763.01
10060,Coyoacan,Entire home/apt,73,122,526,3.03,0.67,1458
10061,Condesa,Private room,226,121,573,4.08,0.67,4532.38
10062,Juarez,Private room,181,312,283,1.22,0.15,788.47
10063,Coyoacan,Entire home/apt,161,100,493,4.47,0.73,3506.71
10064,Roma Norte,Private room,80,27,186,5.97,0.93,2222.47
10065,Juarez,Private room,79,158,497,3.99,0.57,1344.08
10066,Polanco,Entire home/apt,35,236,441,2.96,0.35,371.1
10067,Centro Historico,Entire home/apt,202,223,129,5.54,0.39,2357.59
10068,Roma Norte,Entire home/apt,142,160,291,0.1,0.56,2392.6
10069,Centro Historico,Entire home/apt,53,201,113,4.38,0.45,714.41
10070,Del Valle,Entire home/apt,106,49,198,5.33,0.87,2753.1
10071,Polanco,Private room,143,251,12,0.37,0.31,1339.89
10072,Polanco,Entire home/apt,274,147,270,2.7,0.6,4909.48
10073,Roma Norte,Entire home/apt,124,354,214,1.23,0.03,112.11
10074,Polanco,Entire home/apt,137,189,443,3.4,0.48,1981.81
10075,Coyoacan,Entire home/apt,284,209,511,3.9,0.43,3641.42
10076,Polanco,Private room,42,212,446,1.82,0.42,528.16
10077,Centro Historico,Entire home/apt,187,70,73,2.76,0.81,4534.11
10078,Centro Historico,Entire home/apt,208,201,536,1.68,0.45,2803.73
10079,Juarez,Private room,192,14,100,2.22,0.96,5539.07
10080,Centro Historico,Entire home/apt,249,246,175,0.96,0.33,2435.42
10081,Juarez,Entire home/apt,211,190,426,5.31,0.48,3034.93
10082,Centro Historico,Entire home/apt,209,320,116,0.06,0.12,773.01
10083,Coyoacan,Entire home/apt,180,46,165,5.29,0.87,4719.45
10084,Narvarte,Entire home/apt,195,65,40,3.43,0.82,4808.22
10085,Juarez,Entire home/apt,161,246,428,1.99,0.33,1574.71
10086,Condesa,Entire home/apt,116,358,343,4.34,0.02,66.74
10087,Del Valle,Private room,181,206,423,3.05,0.44,2365.4
10088,Roma Norte,Entire home/apt,273,82,365,2.99,0.78,6350.05
10089,Centro Historico,Entire home/apt,118,68,119,0.66,0.81,2880.49
10090,Polanco,Entire home/apt,147,249,228,2.34,0.32,1401.53
10091,Narvarte,Entire home/apt,259,11,129,1.45,0.97,7535.84
10092,Centro Historico,Entire home/apt,277,197,351,0.09,0.46,3824.88
10093,Polanco,Entire home/apt,177,316,317,2.16,0.13,712.85
10094,Del Valle,Private room,75,39,336,0.54,0.89,2009.59
10095,Del Valle,Entire home/apt,292,276,272,1.54,0.24,2136
10096,Del Valle,Entire home/apt,139,117,116,0.56,0.68,2833.32
10097,Polanco,Entire home/apt,236,341,367,0.61,0.07,465.53
10098,Centro Historico,Private room,244,99,93,1.19,0.73,5334.58
10099,Del Valle,Entire home/apt,85,214,167,6,0.41,1054.93
10100,Coyoacan,Entire home/apt,152,229,340,0.01,0.37,1699.07
10101,Juarez,Entire home/apt,235,103,151,3.83,0.72,5060.55
10102,Polanco,Private room,73,112,585,0.85,0.69,1518
10103,Polanco,Entire home/apt,62,232,273,5.52,0.36,677.75
10104,Centro Historico,Private room,293,195,553,0.56,0.47,4093.97
10105,Polanco,Entire home/apt,118,193,495,5.73,0.47,1668.16
10106,Polanco,Entire home/apt,189,171,100,3.67,0.53,3013.64
10107,Del Valle,Entire home/apt,151,256,556,0.01,0.3,1352.79
10108,Centro Historico,Entire home/apt,36,40,81,5.36,0.89,961.64
10109,Del Valle,Entire home/apt,127,61,528,3.13,0.83,3173.26
10110,Juarez,Entire home/apt,200,354,72,1.58,0.03,180.82
10111,Narvarte,Private room,292,85,13,4.6,0.77,6720
10112,Juarez,Entire home/apt,115,287,432,5.56,0.21,737.26
10113,Narvarte,Entire home/apt,269,49,156,2.9,0.87,6986.63
10114,Del Valle,Entire home/apt,247,110,131,1.89,0.7,5176.85
10115,Juarez,Entire home/apt,96,120,337,4.73,0.67,1933.15
10116,Centro Historico,Entire home/apt,83,330,403,4.09,0.1,238.77
10117,Roma Norte,Entire home/apt,161,258,375,5.33,0.29,1415.92
10118,Del Valle,Entire home/apt,257,200,558,4.16,0.45,3485.34
10119,Narvarte,Private room,141,191,106,1.46,0.48,2016.49
10120,Coyoacan,Private room,180,344,264,5.59,0.06,310.68
10121,Narvarte,Entire home/apt,133,218,204,0.63,0.4,1606.93
10122,Coyoacan,Entire home/apt,107,31,78,1.61,0.92,2937.37
10123,Polanco,Entire home/apt,156,175,154,3.12,0.52,2436.16
10124,Juarez,Entire home/apt,64,108,246,3.39,0.7,1351.89
10125,Coyoacan,Entire home/apt,222,217,530,0.09,0.41,2700.49
10126,Narvarte,Entire home/apt,229,17,537,4.68,0.95,6550.03
10127,Polanco,Entire home/apt,190,199,153,2.17,0.45,2592.33
10128,Roma Norte,Entire home/apt,206,184,153,2.44,0.5,3064.6
10129,Centro Historico,Entire home/apt,75,282,91,4.86,0.23,511.64
10130,Centro Historico,Entire home/apt,97,26,432,2.28,0.93,2702.71
10131,Centro Historico,Entire home/apt,57,99,337,0.28,0.73,1246.19
10132,Coyoacan,Entire home/apt,109,150,479,1.06,0.59,1926.16
10133,Roma Norte,Entire home/apt,82,154,130,5.74,0.58,1422.08
10134,Coyoacan,Entire home/apt,194,175,449,0.42,0.52,3029.59
10135,Juarez,Private room,152,346,272,2.13,0.05,237.37
10136,Coyoacan,Entire home/apt,134,87,587,3.02,0.76,3061.81
10137,Roma Norte,Entire home/apt,201,271,176,2.96,0.26,1552.93
10138,Roma Norte,Entire home/apt,190,172,48,0.02,0.53,3013.97
10139,Juarez,Entire home/apt,41,23,566,3.01,0.94,1152.49
10140,Roma Norte,Entire home/apt,230,248,354,2.3,0.32,2211.78
10141,Narvarte,Private room,90,81,307,5.83,0.78,2100.82
10142,Roma Norte,Private room,227,152,45,0.95,0.58,3974.05
10143,Centro Historico,Private room,81,319,301,2.12,0.13,306.25
10144,Narvarte,Entire home/apt,182,292,407,2.52,0.2,1092
10145,Narvarte,Entire home/apt,191,278,188,2.34,0.24,1365.78
10146,Juarez,Entire home/apt,236,250,128,3.99,0.32,2230.68
10147,Condesa,Entire home/apt,160,254,560,1.29,0.3,1459.73
10148,Condesa,Private room,98,172,536,1.33,0.53,1554.58
10149,Roma Norte,Entire home/apt,210,69,265,4.38,0.81,5109.04
10150,Narvarte,Entire home/apt,150,15,117,3,0.96,4315.07
10151,Condesa,Entire home/apt,238,206,463,2.49,0.44,3110.3
10152,Condesa,Entire home/apt,65,67,143,1.02,0.82,1592.05
10153,Roma Norte,Entire home/apt,147,314,441,1.13,0.14,616.19
10154,Condesa,Entire home/apt,101,226,199,0.06,0.38,1153.89
10155,Coyoacan,Entire home/apt,109,35,156,0.55,0.9,2956.44
10156,Polanco,Private room,79,312,486,3.34,0.15,344.14
10157,Juarez,Private room,294,14,133,5.35,0.96,8481.7
10158,Polanco,Entire home/apt,188,29,147,1.72,0.92,5191.89
10159,Roma Norte,Entire home/apt,189,207,335,1.97,0.43,2454.41
10160,Centro Historico,Entire home/apt,268,68,70,0.69,0.81,6542.14
10161,Juarez,Entire home/apt,85,251,232,2.33,0.31,796.44
10162,Roma Norte,Entire home/apt,296,155,333,0.22,0.58,5109.04
10163,Narvarte,Entire home/apt,159,282,89,5.51,0.23,1084.68
10164,Centro Historico,Entire home/apt,279,258,333,4.04,0.29,2453.67
10165,Polanco,Entire home/apt,64,23,198,5.94,0.94,1799.01
10166,Roma Norte,Entire home/apt,156,22,160,5.3,0.94,4397.92
10167,Narvarte,Entire home/apt,159,53,537,2.84,0.85,4077.37
10168,Juarez,Private room,71,28,120,3.12,0.92,1966.6
10169,Juarez,Private room,204,72,300,1.14,0.8,4912.77
10170,Del Valle,Entire home/apt,158,248,574,2.77,0.32,1519.4
10171,Narvarte,Private room,69,346,435,5.42,0.05,107.75
10172,Coyoacan,Entire home/apt,121,109,67,0.31,0.7,2545.97
10173,Condesa,Private room,168,172,458,5.18,0.53,2664.99
10174,Centro Historico,Private room,230,131,513,2.05,0.64,4423.56
10175,Narvarte,Entire home/apt,235,53,397,5.4,0.85,6026.3
10176,Del Valle,Entire home/apt,111,326,285,5.65,0.11,355.81
10177,Condesa,Entire home/apt,93,154,560,4.03,0.58,1612.85
10178,Condesa,Entire home/apt,160,336,139,3.99,0.08,381.37
10179,Roma Norte,Entire home/apt,143,59,555,2.72,0.84,3596.55
10180,Condesa,Entire home/apt,258,74,589,5.01,0.8,6170.79
10181,Coyoacan,Entire home/apt,102,364,281,5.77,0,8.38
10182,Juarez,Private room,103,297,577,4.65,0.19,575.67
10183,Del Valle,Private room,199,173,456,3.73,0.53,3140.38
10184,Condesa,Entire home/apt,196,150,86,3.64,0.59,3463.56
10185,Roma Norte,Entire home/apt,76,323,78,5.1,0.12,262.36
10186,Coyoacan,Entire home/apt,143,137,204,3.25,0.62,2679.78
10187,Polanco,Entire home/apt,85,248,336,4.82,0.32,817.4
10188,Juarez,Private room,284,333,253,3.05,0.09,746.96
10189,Juarez,Entire home/apt,55,305,303,0.37,0.16,271.23
10190,Del Valle,Entire home/apt,173,196,379,2.3,0.46,2403.04
10191,Juarez,Entire home/apt,126,217,129,2.67,0.41,1532.71
10192,Condesa,Entire home/apt,159,229,595,0.85,0.37,1777.32
10193,Roma Norte,Entire home/apt,145,199,275,0.61,0.45,1978.36
10194,Juarez,Private room,173,355,557,3.21,0.03,142.19
10195,Juarez,Entire home/apt,133,293,182,0.51,0.2,787.07
10196,Polanco,Entire home/apt,286,361,267,1.82,0.01,94.03
10197,Polanco,Entire home/apt,138,246,321,4.47,0.33,1349.75
10198,Centro Historico,Private room,248,203,511,5.79,0.44,3302.14
10199,Coyoacan,Private room,283,296,77,4.31,0.19,1604.96
10200,Condesa,Entire home/apt,186,268,338,5.96,0.27,1482.9
10201,Juarez,Entire home/apt,284,255,555,4.19,0.3,2567.67
10202,Narvarte,Entire home/apt,199,145,508,1.76,0.6,3598.36
10203,Juarez,Entire home/apt,42,289,237,4.03,0.21,262.36
10204,Roma Norte,Private room,39,280,133,4.21,0.23,272.47
10205,Centro Historico,Entire home/apt,179,180,191,2.23,0.51,2721.78
10206,Coyoacan,Entire home/apt,135,168,355,0.11,0.54,2185.89
10207,Narvarte,Entire home/apt,198,210,277,4.22,0.42,2522.47
10208,Centro Historico,Entire home/apt,181,54,17,0.13,0.85,4626.66
10209,Del Valle,Entire home/apt,98,273,523,3.79,0.25,741.04
10210,Coyoacan,Private room,125,80,179,0.98,0.78,2928.08
10211,Juarez,Entire home/apt,151,112,122,3.39,0.69,3139.97
10212,Juarez,Entire home/apt,207,134,245,3.02,0.63,3930.16
10213,Coyoacan,Entire home/apt,81,322,372,0.08,0.12,286.27
10214,Juarez,Entire home/apt,174,295,50,2.18,0.19,1001.1
10215,Condesa,Entire home/apt,280,239,70,3.61,0.35,2899.73
10216,Coyoacan,Entire home/apt,183,155,479,5.09,0.58,3158.63
10217,Centro Historico,Entire home/apt,280,206,559,5.33,0.44,3659.18
10218,Coyoacan,Entire home/apt,39,230,18,2.9,0.37,432.74
10219,Narvarte,Entire home/apt,218,69,83,4.37,0.81,5303.67
10220,Juarez,Entire home/apt,54,107,154,1.9,0.71,1145.1
10221,Condesa,Entire home/apt,80,180,564,2.05,0.51,1216.44
10222,Condesa,Private room,46,182,356,1.17,0.5,691.89
10223,Del Valle,Private room,104,160,442,3.37,0.56,1752.33
10224,Centro Historico,Entire home/apt,51,359,68,1.89,0.02,25.15
10225,Polanco,Entire home/apt,181,131,522,0.51,0.64,3481.15
10226,Polanco,Entire home/apt,188,117,142,4.11,0.68,3832.11
10227,Coyoacan,Entire home/apt,142,13,191,4.25,0.96,4108.27
10228,Del Valle,Entire home/apt,270,102,386,2.16,0.72,5836.44
10229,Roma Norte,Entire home/apt,104,15,377,0.46,0.96,2991.78
10230,Coyoacan,Entire home/apt,217,297,580,2.56,0.19,1212.82
10231,Del Valle,Entire home/apt,284,115,534,2.65,0.68,5835.62
10232,Centro Historico,Private room,262,155,292,4.01,0.58,4522.19
10233,Centro Historico,Entire home/apt,136,280,8,1.89,0.23,950.14
10234,Centro Historico,Entire home/apt,109,105,270,4.1,0.71,2329.32
10235,Centro Historico,Private room,250,238,386,5.23,0.35,2609.59
10236,Centro Historico,Entire home/apt,237,211,92,1.42,0.42,2999.84
10237,Del Valle,Entire home/apt,226,221,528,5.87,0.39,2674.85
10238,Del Valle,Entire home/apt,283,15,153,2.32,0.96,8141.1
10239,Condesa,Entire home/apt,276,121,404,1.6,0.67,5535.12
10240,Narvarte,Private room,213,332,148,2.53,0.09,577.73
10241,Polanco,Private room,253,115,266,0.57,0.68,5198.63
10242,Juarez,Entire home/apt,116,148,421,0.75,0.59,2068.93
10243,Centro Historico,Entire home/apt,126,308,471,2.49,0.16,590.3
10244,Roma Norte,Entire home/apt,209,105,546,4.57,0.71,4466.3
10245,Juarez,Entire home/apt,273,346,525,5.4,0.05,426.33
10246,Del Valle,Entire home/apt,294,306,502,3.99,0.16,1425.7
10247,Roma Norte,Private room,197,223,13,0.63,0.39,2299.23
10248,Roma Norte,Entire home/apt,82,300,363,4.03,0.18,438.08
10249,Roma Norte,Private room,150,31,118,3.81,0.92,4117.81
10250,Condesa,Entire home/apt,259,202,237,4.83,0.45,3469.89
10251,Del Valle,Entire home/apt,181,159,545,4.95,0.56,3064.6
10252,Roma Norte,Entire home/apt,97,256,168,5.21,0.3,869.01
10253,Centro Historico,Private room,47,276,521,2.48,0.24,343.81
10254,Coyoacan,Private room,223,260,515,4.19,0.29,1924.52
10255,Roma Norte,Private room,242,12,396,1.61,0.97,7021.32
10256,Condesa,Entire home/apt,148,325,105,6,0.11,486.58
10257,Juarez,Entire home/apt,56,85,84,1.05,0.77,1288.77
10258,Del Valle,Private room,248,96,213,0.06,0.74,5483.18
10259,Narvarte,Entire home/apt,205,279,120,0.89,0.24,1449.04
10260,Condesa,Entire home/apt,88,234,131,4.66,0.36,947.51
10261,Roma Norte,Entire home/apt,160,27,196,2.68,0.93,4444.93
10262,Del Valle,Private room,238,122,18,2.69,0.67,4753.48
10263,Coyoacan,Private room,228,260,11,5.73,0.29,1967.67
10264,Roma Norte,Entire home/apt,203,242,80,5.52,0.34,2052.25
10265,Condesa,Entire home/apt,186,338,329,1.87,0.07,412.77
10266,Polanco,Private room,69,288,391,1.25,0.21,436.68
10267,Centro Historico,Entire home/apt,218,211,306,5.09,0.42,2759.34
10268,Narvarte,Entire home/apt,91,92,266,5.44,0.75,2041.89
10269,Juarez,Private room,256,134,446,3.25,0.63,4860.49
10270,Condesa,Entire home/apt,197,184,440,3.78,0.5,2930.71
10271,Del Valle,Entire home/apt,53,78,1,1.54,0.79,1250.22
10272,Narvarte,Entire home/apt,298,56,519,4.8,0.85,7568.38
10273,Narvarte,Private room,147,265,308,3.79,0.27,1208.22
10274,Narvarte,Private room,64,224,521,3.02,0.39,741.7
10275,Roma Norte,Private room,169,39,468,0.36,0.89,4528.27
10276,Centro Historico,Entire home/apt,101,290,211,5.5,0.21,622.6
10277,Roma Norte,Private room,99,246,111,3.69,0.33,968.3
10278,Del Valle,Private room,59,257,7,1.16,0.3,523.73
10279,Roma Norte,Entire home/apt,71,34,476,3.64,0.91,1931.59
10280,Polanco,Private room,35,83,459,4.06,0.77,811.23
10281,Centro Historico,Entire home/apt,71,215,252,3.15,0.41,875.34
10282,Centro Historico,Entire home/apt,175,323,525,4.31,0.12,604.11
10283,Del Valle,Entire home/apt,266,103,437,3.49,0.72,5728.11
10284,Juarez,Entire home/apt,170,136,235,5.69,0.63,3199.73
10285,Polanco,Entire home/apt,222,34,305,0.32,0.91,6039.62
10286,Condesa,Entire home/apt,162,343,477,0.64,0.06,292.93
10287,Roma Norte,Entire home/apt,235,364,19,1.04,0,19.32
10288,Coyoacan,Private room,161,125,215,4.14,0.66,3175.89
10289,Roma Norte,Entire home/apt,291,57,134,3.87,0.84,7366.68
10290,Narvarte,Entire home/apt,198,235,128,5.35,0.36,2115.62
10291,Roma Norte,Entire home/apt,69,275,409,4.4,0.25,510.41
10292,Condesa,Private room,228,108,421,3.05,0.7,4816.11
10293,Roma Norte,Entire home/apt,225,20,293,5.95,0.95,6380.14
10294,Polanco,Entire home/apt,138,94,245,1.6,0.74,3073.81
10295,Polanco,Private room,57,223,555,5,0.39,665.26
10296,Centro Historico,Entire home/apt,299,182,85,2.56,0.5,4497.29
10297,Del Valle,Entire home/apt,294,218,555,3.89,0.4,3552.16
10298,Juarez,Entire home/apt,109,73,374,4.36,0.8,2616
10299,Coyoacan,Private room,106,267,445,3.8,0.27,853.81
10300,Narvarte,Entire home/apt,293,341,377,0.84,0.07,577.97
10301,Roma Norte,Private room,222,130,389,2.66,0.64,4287.95
10302,Roma Norte,Entire home/apt,207,307,50,3.37,0.16,986.79
10303,Condesa,Private room,79,63,241,5.09,0.83,1960.93
10304,Del Valle,Private room,95,340,293,2.66,0.07,195.21
10305,Polanco,Private room,117,281,562,5.51,0.23,807.78
10306,Coyoacan,Entire home/apt,157,250,265,2.64,0.32,1483.97
10307,Centro Historico,Private room,50,252,119,3.29,0.31,464.38
10308,Polanco,Entire home/apt,100,27,247,4.78,0.93,2778.08
10309,Narvarte,Entire home/apt,179,196,69,3.5,0.46,2486.38
10310,Del Valle,Entire home/apt,196,355,56,5.76,0.03,161.1
10311,Narvarte,Private room,268,153,381,3.96,0.58,4669.81
10312,Juarez,Private room,178,271,38,3.14,0.26,1375.23
10313,Centro Historico,Private room,222,248,442,0.14,0.32,2134.85
10314,Juarez,Entire home/apt,47,313,17,2.48,0.14,200.88
10315,Condesa,Entire home/apt,218,307,351,1.8,0.16,1039.23
10316,Narvarte,Private room,145,85,297,4.49,0.77,3336.99
10317,Condesa,Entire home/apt,249,197,282,1.25,0.46,3438.25
10318,Roma Norte,Entire home/apt,154,342,585,1.23,0.06,291.12
10319,Juarez,Entire home/apt,89,255,109,1.14,0.3,804.66
10320,Del Valle,Entire home/apt,61,139,179,0.75,0.62,1133.1
10321,Narvarte,Entire home/apt,152,324,543,1.87,0.11,512.22
10322,Coyoacan,Entire home/apt,255,292,24,5.32,0.2,1530
10323,Centro Historico,Entire home/apt,265,88,56,4.65,0.76,6033.29
10324,Polanco,Entire home/apt,87,81,179,4.41,0.78,2030.79
10325,Del Valle,Private room,267,272,231,4.78,0.25,2040.9
10326,Del Valle,Entire home/apt,192,200,342,1.62,0.45,2603.84
10327,Condesa,Entire home/apt,55,72,476,5.32,0.8,1324.52
10328,Juarez,Entire home/apt,87,21,575,0.82,0.94,2459.84
10329,Narvarte,Entire home/apt,248,150,454,2.02,0.59,4382.47
10330,Narvarte,Private room,65,263,231,3.52,0.28,544.93
10331,Roma Norte,Private room,217,52,288,0.62,0.86,5582.55
10332,Roma Norte,Entire home/apt,57,26,212,4.38,0.93,1588.19
10333,Centro Historico,Entire home/apt,66,72,257,2.32,0.8,1589.42
10334,Condesa,Private room,108,262,529,4.71,0.28,914.3
10335,Del Valle,Private room,44,301,228,2.96,0.18,231.45
10336,Narvarte,Entire home/apt,88,17,225,1.09,0.95,2517.04
10337,Coyoacan,Entire home/apt,86,334,595,4.41,0.08,219.12
10338,Condesa,Entire home/apt,182,99,434,1.51,0.73,3979.07
10339,Centro Historico,Private room,194,217,401,2.94,0.41,2359.89
10340,Centro Historico,Entire home/apt,48,301,87,0.45,0.18,252.49
10341,Condesa,Private room,212,293,583,3.71,0.2,1254.58
10342,Centro Historico,Entire home/apt,87,127,541,4,0.65,1701.86
10343,Condesa,Entire home/apt,56,358,308,2.27,0.02,32.22
10344,Polanco,Entire home/apt,64,184,342,5.73,0.5,952.11
10345,Condesa,Entire home/apt,225,85,435,5.25,0.77,5178.08
10346,Juarez,Entire home/apt,294,110,176,4.25,0.7,6161.92
10347,Condesa,Entire home/apt,239,160,138,4.28,0.56,4026.99
10348,Centro Historico,Entire home/apt,93,279,193,1.51,0.24,657.37
10349,Narvarte,Private room,298,80,185,3.94,0.78,6980.55
10350,Juarez,Entire home/apt,46,189,217,1.19,0.48,665.42
10351,Centro Historico,Entire home/apt,153,133,163,0.86,0.64,2917.48
10352,Roma Norte,Private room,282,302,160,6,0.17,1460.22
10353,Roma Norte,Private room,161,294,524,3.73,0.19,939.53
10354,Narvarte,Private room,109,204,41,2.59,0.44,1442.38
10355,Narvarte,Private room,238,237,209,1.73,0.35,2503.89
10356,Juarez,Entire home/apt,83,284,274,3.62,0.22,552.58
10357,Polanco,Entire home/apt,113,115,278,0.3,0.68,2321.92
10358,Narvarte,Private room,275,30,250,0.57,0.92,7571.92
10359,Roma Norte,Entire home/apt,188,73,309,0.2,0.8,4512
10360,Condesa,Entire home/apt,130,174,139,3,0.52,2040.82
10361,Centro Historico,Private room,248,36,545,3.6,0.9,6706.19
10362,Roma Norte,Entire home/apt,243,320,529,0.37,0.12,898.77
10363,Roma Norte,Entire home/apt,122,294,56,4.33,0.19,711.95
10364,Polanco,Entire home/apt,298,157,111,1.38,0.57,5094.58
10365,Juarez,Entire home/apt,191,290,4,4.11,0.21,1177.4
10366,Juarez,Entire home/apt,190,335,409,5.89,0.08,468.49
10367,Del Valle,Entire home/apt,173,328,413,4.15,0.1,526.11
10368,Polanco,Private room,155,173,181,5.3,0.53,2446.03
10369,Condesa,Entire home/apt,99,233,12,5.69,0.36,1074.08
10370,Juarez,Entire home/apt,141,281,338,2.92,0.23,973.48
10371,Centro Historico,Private room,181,155,258,4.21,0.58,3124.11
10372,Narvarte,Private room,171,39,89,5.11,0.89,4581.86
10373,Polanco,Private room,196,54,249,2.14,0.85,5010.08
10374,Narvarte,Private room,134,284,254,1.57,0.22,892.11
10375,Roma Norte,Entire home/apt,175,43,587,5.68,0.88,4631.51
10376,Centro Historico,Entire home/apt,117,150,107,4.36,0.59,2067.53
10377,Centro Historico,Entire home/apt,211,327,593,1.32,0.1,659.01
10378,Roma Norte,Entire home/apt,232,230,588,2.69,0.37,2574.25
10379,Polanco,Entire home/apt,146,31,484,4.78,0.92,4008
10380,Roma Norte,Entire home/apt,90,189,257,3.28,0.48,1301.92
10381,Narvarte,Private room,213,338,281,3.9,0.07,472.68
10382,Del Valle,Entire home/apt,220,240,87,4.52,0.34,2260.27
10383,Centro Historico,Entire home/apt,252,47,203,3.73,0.87,6586.52
10384,Coyoacan,Entire home/apt,251,79,15,3.24,0.78,5900.22
10385,Coyoacan,Entire home/apt,154,125,150,4.5,0.66,3037.81
10386,Narvarte,Entire home/apt,209,248,253,4.37,0.32,2009.84
10387,Condesa,Private room,57,344,187,3.78,0.06,98.38
10388,Juarez,Entire home/apt,247,157,328,2.16,0.57,4222.68
10389,Roma Norte,Entire home/apt,269,18,543,2.43,0.95,7672.03
10390,Roma Norte,Entire home/apt,47,297,396,5.82,0.19,262.68
10391,Condesa,Private room,135,59,516,0.67,0.84,3395.34
10392,Condesa,Entire home/apt,58,347,458,1.61,0.05,85.81
10393,Narvarte,Entire home/apt,45,14,329,2.95,0.96,1298.22
10394,Narvarte,Entire home/apt,128,352,168,5.02,0.04,136.77
10395,Condesa,Entire home/apt,235,135,365,0.98,0.63,4442.47
10396,Centro Historico,Private room,55,84,177,1.66,0.77,1270.27
10397,Narvarte,Private room,245,174,361,0.39,0.52,3846.16
10398,Del Valle,Entire home/apt,174,287,39,4.24,0.21,1115.51
10399,Narvarte,Private room,135,333,415,1.43,0.09,355.07
10400,Roma Norte,Private room,62,309,354,2.33,0.15,285.37
10401,Narvarte,Entire home/apt,75,299,254,2.66,0.18,406.85
10402,Centro Historico,Private room,180,86,142,5.35,0.76,4127.67
10403,Condesa,Entire home/apt,290,307,576,2.47,0.16,1382.47
10404,Roma Norte,Entire home/apt,261,146,10,0.87,0.6,4698
10405,Narvarte,Entire home/apt,270,115,25,3.15,0.68,5547.95
10406,Centro Historico,Private room,47,104,420,5.78,0.72,1008.25
10407,Del Valle,Entire home/apt,244,144,220,3.65,0.61,4432.11
10408,Narvarte,Private room,263,77,495,5.9,0.79,6225.53
10409,Centro Historico,Private room,134,156,236,5.05,0.57,2301.86
10410,Del Valle,Entire home/apt,65,168,236,0.22,0.54,1052.47
10411,Condesa,Private room,50,172,218,3.95,0.53,793.15
10412,Narvarte,Entire home/apt,171,350,486,1.72,0.04,210.82
10413,Del Valle,Entire home/apt,200,198,460,3.36,0.46,2745.21
10414,Roma Norte,Private room,134,348,143,1.68,0.05,187.23
10415,Condesa,Entire home/apt,143,104,188,2.09,0.72,3067.64
10416,Roma Norte,Private room,207,190,254,5.54,0.48,2977.4
10417,Coyoacan,Private room,271,297,67,1.24,0.19,1514.63
10418,Polanco,Entire home/apt,196,331,335,5.24,0.09,547.73
10419,Narvarte,Entire home/apt,250,196,408,0.18,0.46,3472.6
10420,Del Valle,Entire home/apt,298,147,299,0.55,0.6,5339.51
10421,Polanco,Entire home/apt,297,139,356,5.13,0.62,5516.88
10422,Polanco,Private room,37,203,255,3.78,0.44,492.66
10423,Del Valle,Entire home/apt,62,325,352,4.48,0.11,203.84
10424,Condesa,Entire home/apt,183,282,520,1.26,0.23,1248.41
10425,Narvarte,Entire home/apt,62,361,523,3.22,0.01,20.38
10426,Coyoacan,Entire home/apt,99,153,283,4.42,0.58,1725.04
10427,Roma Norte,Private room,55,25,311,3.76,0.93,1536.99
10428,Centro Historico,Entire home/apt,286,311,98,2.83,0.15,1269.37
10429,Roma Norte,Private room,269,254,196,5.76,0.3,2454.16
10430,Centro Historico,Entire home/apt,261,116,481,4.06,0.68,5341.56
10431,Roma Norte,Private room,47,97,225,5.45,0.73,1035.29
10432,Del Valle,Entire home/apt,83,138,364,4.38,0.62,1548.58
10433,Coyoacan,Entire home/apt,152,350,367,4.41,0.04,187.4
10434,Narvarte,Private room,88,13,569,0.48,0.96,2545.97
10435,Centro Historico,Entire home/apt,172,336,589,2.16,0.08,409.97
10436,Narvarte,Private room,87,315,74,5.15,0.14,357.53
10437,Narvarte,Entire home/apt,78,104,41,1.4,0.72,1673.26
10438,Narvarte,Entire home/apt,87,218,421,0.69,0.4,1051.15
10439,Juarez,Entire home/apt,108,234,180,1.96,0.36,1162.85
10440,Condesa,Entire home/apt,80,357,544,1.32,0.02,52.6
10441,Roma Norte,Entire home/apt,47,330,70,5.55,0.1,135.21
10442,Narvarte,Entire home/apt,199,56,567,5.21,0.85,5054.05
10443,Roma Norte,Entire home/apt,136,190,104,3,0.48,1956.16
10444,Narvarte,Entire home/apt,292,115,199,0.37,0.68,6000
10445,Centro Historico,Entire home/apt,172,208,100,4.29,0.43,2219.51
10446,Condesa,Private room,197,115,306,3.74,0.68,4047.95
10447,Condesa,Private room,145,289,585,5.82,0.21,905.75
10448,Del Valle,Private room,136,269,376,3.35,0.26,1073.1
10449,Juarez,Private room,51,117,398,2.02,0.68,1039.56
10450,Del Valle,Entire home/apt,216,28,220,3.11,0.92,5982.9
10451,Del Valle,Private room,58,305,594,5.88,0.16,286.03
10452,Del Valle,Entire home/apt,63,315,181,4.18,0.14,258.9
10453,Del Valle,Entire home/apt,205,180,306,4.03,0.51,3117.12
10454,Del Valle,Entire home/apt,262,340,521,1.44,0.07,538.36
10455,Coyoacan,Entire home/apt,222,204,395,4.46,0.44,2937.7
10456,Condesa,Private room,264,21,3,4.5,0.94,7464.33
10457,Del Valle,Entire home/apt,153,204,280,1.9,0.44,2024.63
10458,Narvarte,Entire home/apt,190,292,214,2.9,0.2,1140
10459,Condesa,Entire home/apt,209,191,419,1.77,0.48,2988.99
10460,Condesa,Private room,138,314,100,1.55,0.14,578.47
10461,Polanco,Entire home/apt,126,153,520,0.16,0.58,2195.51
10462,Coyoacan,Entire home/apt,220,325,572,1.71,0.11,723.29
10463,Del Valle,Entire home/apt,215,191,308,3.32,0.48,3074.79
10464,Roma Norte,Private room,204,39,509,0.01,0.89,5466.08
10465,Centro Historico,Entire home/apt,221,93,62,1.7,0.75,4940.71
10466,Juarez,Entire home/apt,209,175,225,5.29,0.52,3263.84
10467,Narvarte,Entire home/apt,256,293,104,3.56,0.2,1514.96
10468,Roma Norte,Entire home/apt,267,290,424,3.65,0.21,1645.89
10469,Coyoacan,Entire home/apt,196,105,254,2.42,0.71,4188.49
10470,Centro Historico,Entire home/apt,168,275,428,4.06,0.25,1242.74
10471,Coyoacan,Private room,258,307,433,1.14,0.16,1229.92
10472,Narvarte,Entire home/apt,187,305,206,4.91,0.16,922.19
10473,Condesa,Entire home/apt,67,234,27,0.7,0.36,721.4
10474,Centro Historico,Private room,89,342,335,3.94,0.06,168.25
10475,Condesa,Entire home/apt,41,51,587,2.05,0.86,1058.14
10476,Narvarte,Entire home/apt,278,312,68,4.49,0.15,1211.01
10477,Roma Norte,Entire home/apt,160,255,512,3.3,0.3,1446.58
10478,Narvarte,Entire home/apt,46,217,166,2.71,0.41,559.56
10479,Roma Norte,Private room,50,246,367,1.02,0.33,489.04
10480,Centro Historico,Entire home/apt,242,31,250,3.82,0.92,6643.4
10481,Centro Historico,Private room,77,194,169,5.85,0.47,1082.22
10482,Del Valle,Entire home/apt,169,251,89,4.95,0.31,1583.51
10483,Coyoacan,Entire home/apt,262,292,560,0.36,0.2,1572
10484,Del Valle,Entire home/apt,145,50,445,2.26,0.86,3754.11
10485,Coyoacan,Entire home/apt,194,345,293,5.55,0.05,318.9
10486,Del Valle,Entire home/apt,298,171,149,3.02,0.53,4751.67
10487,Condesa,Private room,259,169,131,3.97,0.54,4172.38
10488,Centro Historico,Entire home/apt,251,98,432,5.48,0.73,5508.25
10489,Roma Norte,Private room,79,331,58,5.24,0.09,220.77
10490,Coyoacan,Entire home/apt,248,21,198,3.01,0.94,7011.95
10491,Narvarte,Private room,93,82,214,2.63,0.78,2163.21
10492,Coyoacan,Private room,166,85,560,2.04,0.77,3820.27
10493,Roma Norte,Private room,138,355,471,4.31,0.03,113.42
10494,Del Valle,Private room,229,210,246,1.72,0.42,2917.4
10495,Coyoacan,Private room,191,19,381,1.5,0.95,5431.73
10496,Juarez,Entire home/apt,132,361,238,2.14,0.01,43.4
10497,Condesa,Entire home/apt,260,235,366,1.06,0.36,2778.08
10498,Centro Historico,Entire home/apt,239,185,167,4.17,0.49,3535.89
10499,Roma Norte,Private room,113,285,559,3.7,0.22,743.01
10500,Centro Historico,Entire home/apt,158,48,50,2.9,0.87,4116.66
10501,Juarez,Private room,252,69,379,2.34,0.81,6130.85
10502,Coyoacan,Entire home/apt,38,75,473,5.45,0.79,905.75
10503,Coyoacan,Entire home/apt,124,330,79,0.17,0.1,356.71
10504,Narvarte,Entire home/apt,138,133,366,4.61,0.64,2631.45
10505,Juarez,Entire home/apt,153,173,460,5.41,0.53,2414.47
10506,Roma Norte,Entire home/apt,167,168,538,2.68,0.54,2704.03
10507,Narvarte,Entire home/apt,130,66,451,3.3,0.82,3194.79
10508,Condesa,Entire home/apt,177,87,463,5.67,0.76,4044.33
10509,Narvarte,Entire home/apt,62,203,477,1.27,0.44,825.53
10510,Polanco,Entire home/apt,267,294,419,3.12,0.19,1558.11
10511,Roma Norte,Entire home/apt,51,24,213,2.85,0.93,1429.4
10512,Polanco,Private room,93,21,368,1.55,0.94,2629.48
10513,Juarez,Entire home/apt,124,110,113,4.91,0.7,2598.9
10514,Del Valle,Entire home/apt,233,165,502,5.4,0.55,3830.14
10515,Polanco,Entire home/apt,60,349,587,4.69,0.04,78.9
10516,Condesa,Entire home/apt,59,134,310,1.17,0.63,1120.19
10517,Narvarte,Entire home/apt,215,289,468,0.52,0.21,1343.01
10518,Del Valle,Entire home/apt,102,119,43,3.63,0.67,2062.36
10519,Narvarte,Entire home/apt,83,343,414,0.34,0.06,150.08
10520,Polanco,Entire home/apt,209,155,245,4.04,0.58,3607.4
10521,Narvarte,Entire home/apt,86,225,83,3.18,0.38,989.59
10522,Juarez,Private room,136,171,206,3.98,0.53,2168.55
10523,Del Valle,Private room,250,137,150,3.54,0.62,4684.93
10524,Juarez,Entire home/apt,222,323,527,2.54,0.12,766.36
10525,Polanco,Entire home/apt,91,341,164,1.21,0.07,179.51
10526,Juarez,Entire home/apt,81,159,144,1.83,0.56,1371.45
10527,Condesa,Entire home/apt,193,45,36,3.15,0.88,5076.16
10528,Polanco,Private room,208,182,332,3.91,0.5,3128.55
10529,Polanco,Entire home/apt,276,31,402,4.68,0.92,7576.77
10530,Polanco,Entire home/apt,275,215,413,4.6,0.41,3390.41
10531,Roma Norte,Entire home/apt,39,136,44,5.84,0.63,734.05
10532,Narvarte,Entire home/apt,118,345,401,1.72,0.05,193.97
10533,Roma Norte,Entire home/apt,282,226,205,0.43,0.38,3221.75
10534,Roma Norte,Entire home/apt,88,105,61,2.07,0.71,1880.55
10535,Condesa,Entire home/apt,195,173,419,4.46,0.53,3077.26
10536,Del Valle,Entire home/apt,260,157,467,2.63,0.57,4444.93
10537,Narvarte,Entire home/apt,49,27,18,4.91,0.93,1361.26
10538,Juarez,Entire home/apt,258,303,364,3.3,0.17,1314.74
10539,Coyoacan,Entire home/apt,95,204,299,5.58,0.44,1257.12
10540,Polanco,Entire home/apt,156,160,6,5.69,0.56,2628.49
10541,Juarez,Entire home/apt,80,132,427,0.42,0.64,1532.05
10542,Polanco,Entire home/apt,96,196,116,2.74,0.46,1333.48
10543,Condesa,Entire home/apt,120,158,579,3.66,0.57,2041.64
10544,Polanco,Entire home/apt,244,113,506,1.54,0.69,5053.81
10545,Roma Norte,Private room,112,252,545,2.44,0.31,1040.22
10546,Narvarte,Entire home/apt,236,240,324,4.07,0.34,2424.66
10547,Coyoacan,Entire home/apt,257,215,54,1.36,0.41,3168.49
10548,Centro Historico,Entire home/apt,256,207,41,3.61,0.43,3324.49
10549,Polanco,Entire home/apt,37,346,296,4.18,0.05,57.78
10550,Juarez,Entire home/apt,40,96,230,0.54,0.74,884.38
10551,Roma Norte,Entire home/apt,127,151,452,2.99,0.59,2233.81
10552,Centro Historico,Private room,42,326,393,1.58,0.11,134.63
10553,Coyoacan,Entire home/apt,269,208,521,4.35,0.43,3471.21
10554,Centro Historico,Entire home/apt,142,55,357,1.14,0.85,3618.08
10555,Roma Norte,Entire home/apt,195,297,443,5.35,0.19,1089.86
10556,Narvarte,Private room,243,24,127,2.59,0.93,6810.66
10557,Narvarte,Entire home/apt,274,53,404,1.19,0.85,7026.41
10558,Del Valle,Private room,84,178,391,2.63,0.51,1291.07
10559,Narvarte,Entire home/apt,45,319,192,2.45,0.13,170.14
10560,Del Valle,Private room,190,53,77,2.57,0.85,4872.33
10561,Centro Historico,Entire home/apt,104,107,84,3.51,0.71,2205.37
10562,Condesa,Private room,203,270,29,3.13,0.26,1585.07
10563,Juarez,Entire home/apt,102,118,48,0.9,0.68,2070.74
10564,Juarez,Private room,286,292,144,0.39,0.2,1716
10565,Centro Historico,Entire home/apt,82,352,68,4.38,0.04,87.62
10566,Polanco,Entire home/apt,218,113,57,3.36,0.69,4515.29
10567,Polanco,Entire home/apt,221,265,573,2.15,0.27,1816.44
10568,Narvarte,Private room,124,215,478,4.85,0.41,1528.77
10569,Juarez,Entire home/apt,173,344,444,2.33,0.06,298.6
10570,Juarez,Entire home/apt,123,52,295,4.78,0.86,3164.3
10571,Del Valle,Entire home/apt,53,362,170,1.83,0.01,13.07
10572,Condesa,Entire home/apt,188,254,574,0.44,0.3,1715.18
10573,Roma Norte,Private room,294,296,146,5.6,0.19,1667.34
10574,Polanco,Entire home/apt,142,364,483,2.37,0,11.67
10575,Juarez,Private room,93,282,305,4.76,0.23,634.44
10576,Del Valle,Entire home/apt,159,92,445,1.67,0.75,3567.7
10577,Coyoacan,Entire home/apt,141,119,220,3.88,0.67,2850.9
10578,Del Valle,Private room,279,199,554,5.24,0.45,3806.63
10579,Polanco,Entire home/apt,281,297,377,0.25,0.19,1570.52
10580,Polanco,Entire home/apt,42,260,265,4.98,0.29,362.47
10581,Del Valle,Entire home/apt,175,221,94,3.43,0.39,2071.23
10582,Roma Norte,Entire home/apt,42,300,261,3.64,0.18,224.38
10583,Centro Historico,Entire home/apt,128,142,70,3.14,0.61,2346.08
10584,Polanco,Private room,73,210,218,5.25,0.42,930
10585,Del Valle,Private room,115,294,532,0.26,0.19,671.1
10586,Juarez,Entire home/apt,221,335,91,1.57,0.08,544.93
10587,Del Valle,Entire home/apt,118,104,126,5.25,0.72,2531.34
10588,Condesa,Entire home/apt,122,287,79,4.51,0.21,782.14
10589,Centro Historico,Entire home/apt,276,334,237,0.11,0.08,703.23
10590,Coyoacan,Entire home/apt,127,228,371,3.1,0.38,1430.05
10591,Roma Norte,Entire home/apt,120,98,485,3.18,0.73,2633.42
10592,Narvarte,Entire home/apt,78,81,24,2.41,0.78,1820.71
10593,Coyoacan,Private room,171,256,155,1.78,0.3,1531.97
10594,Centro Historico,Private room,108,138,516,4.09,0.62,2015.01
10595,Centro Historico,Private room,70,221,529,1.25,0.39,828.49
10596,Centro Historico,Entire home/apt,135,352,56,4.79,0.04,144.25
10597,Coyoacan,Entire home/apt,190,105,18,4.82,0.71,4060.27
10598,Juarez,Entire home/apt,289,84,383,2.49,0.77,6674.71
10599,Centro Historico,Private room,205,63,192,1.7,0.83,5088.49
10600,Del Valle,Entire home/apt,250,353,236,1.7,0.03,246.58
10601,Coyoacan,Private room,204,63,386,2.89,0.83,5063.67
10602,Narvarte,Entire home/apt,286,227,425,4.32,0.38,3243.95
10603,Centro Historico,Entire home/apt,89,25,276,2.15,0.93,2487.12
10604,Del Valle,Private room,125,108,226,3.66,0.7,2640.41
10605,Juarez,Entire home/apt,135,29,551,2.29,0.92,3728.22
10606,Condesa,Private room,189,55,322,1.83,0.85,4815.62
10607,Juarez,Private room,175,202,152,0.15,0.45,2344.52
10608,Narvarte,Entire home/apt,207,67,236,0.02,0.82,5070.08
10609,Centro Historico,Entire home/apt,44,120,54,1.36,0.67,886.03
10610,Narvarte,Entire home/apt,262,138,435,2.44,0.62,4888.27
10611,Coyoacan,Private room,299,346,108,5.11,0.05,466.93
10612,Polanco,Entire home/apt,282,203,183,4.79,0.44,3754.85
10613,Centro Historico,Entire home/apt,281,349,367,1.6,0.04,369.53
10614,Polanco,Entire home/apt,189,335,197,1.47,0.08,466.03
10615,Del Valle,Private room,68,17,370,1.36,0.95,1944.99
10616,Condesa,Entire home/apt,163,38,372,2.04,0.9,4380.9
10617,Roma Norte,Entire home/apt,194,121,496,2.99,0.67,3890.63
10618,Narvarte,Private room,123,170,598,2.63,0.53,1971.37
10619,Juarez,Entire home/apt,127,140,200,1.31,0.62,2348.63
10620,Condesa,Entire home/apt,275,197,508,0.78,0.46,3797.26
10621,Centro Historico,Private room,151,172,321,0.08,0.53,2395.32
10622,Polanco,Entire home/apt,128,206,274,0.92,0.44,1672.77
10623,Juarez,Private room,197,213,210,4.23,0.42,2461.15
10624,Polanco,Entire home/apt,133,221,503,1.46,0.39,1574.14
10625,Coyoacan,Entire home/apt,147,118,117,2.81,0.68,2984.3
10626,Polanco,Private room,125,285,553,3.55,0.22,821.92
10627,Coyoacan,Entire home/apt,240,82,41,5.32,0.78,5582.47
10628,Del Valle,Entire home/apt,51,176,314,5.33,0.52,792.25
10629,Juarez,Entire home/apt,207,269,328,4.47,0.26,1633.32
10630,Juarez,Entire home/apt,150,252,16,0.21,0.31,1393.15
10631,Roma Norte,Entire home/apt,215,284,282,3.45,0.22,1431.37
10632,Centro Historico,Entire home/apt,125,111,257,4.72,0.7,2609.59
10633,Coyoacan,Private room,116,182,574,0.1,0.5,1744.77
10634,Roma Norte,Entire home/apt,148,180,573,3.3,0.51,2250.41
10635,Polanco,Entire home/apt,291,150,18,5.15,0.59,5142.33
10636,Polanco,Entire home/apt,92,197,528,2.84,0.46,1270.36
10637,Roma Norte,Private room,188,95,422,0.02,0.74,4172.05
10638,Juarez,Entire home/apt,150,61,465,0.07,0.83,3747.95
10639,Polanco,Private room,237,120,372,2.5,0.67,4772.47
10640,Narvarte,Entire home/apt,75,351,80,0.93,0.04,86.3
10641,Del Valle,Entire home/apt,139,52,550,3.99,0.86,3575.92
10642,Del Valle,Entire home/apt,227,220,547,4.25,0.4,2705.34
10643,Narvarte,Entire home/apt,271,209,423,1.07,0.43,3474.74
10644,Roma Norte,Entire home/apt,255,307,428,5.33,0.16,1215.62
10645,Narvarte,Entire home/apt,102,355,387,2.65,0.03,83.84
10646,Coyoacan,Private room,231,249,203,0.86,0.32,2202.41
10647,Coyoacan,Entire home/apt,290,124,195,4.59,0.66,5744.38
10648,Roma Norte,Entire home/apt,173,35,284,4.74,0.9,4692.33
10649,Narvarte,Entire home/apt,183,308,195,3.84,0.16,857.34
10650,Coyoacan,Entire home/apt,133,86,306,5.12,0.76,3049.89
10651,Juarez,Entire home/apt,110,146,13,4.42,0.6,1980
10652,Narvarte,Entire home/apt,143,29,145,5.29,0.92,3949.15
10653,Juarez,Entire home/apt,222,220,56,2.6,0.4,2645.75
10654,Coyoacan,Private room,233,249,209,4.49,0.32,2221.48
10655,Del Valle,Entire home/apt,188,48,528,6,0.87,4898.3
10656,Coyoacan,Entire home/apt,74,277,343,4.35,0.24,535.23
10657,Juarez,Private room,167,216,278,0.69,0.41,2045.18
10658,Condesa,Private room,166,276,208,3.11,0.24,1214.3
10659,Centro Historico,Entire home/apt,118,163,334,3.52,0.55,1959.12
10660,Polanco,Private room,276,51,287,1.05,0.86,7123.07
10661,Narvarte,Entire home/apt,150,20,251,5.78,0.95,4253.42
10662,Condesa,Entire home/apt,143,303,264,1.05,0.17,728.71
10663,Coyoacan,Entire home/apt,255,107,270,1.07,0.71,5407.4
10664,Del Valle,Entire home/apt,75,284,418,5.49,0.22,499.32
10665,Roma Norte,Entire home/apt,181,239,210,2.79,0.35,1874.47
10666,Coyoacan,Private room,146,229,364,0.38,0.37,1632
10667,Del Valle,Entire home/apt,137,74,75,3.59,0.8,3276.74
10668,Centro Historico,Entire home/apt,80,364,320,3.61,0,6.58
10669,Coyoacan,Entire home/apt,229,241,432,0.39,0.34,2333.92
10670,Juarez,Private room,74,337,108,5.84,0.08,170.3
10671,Roma Norte,Entire home/apt,223,61,521,3.26,0.83,5571.95
10672,Del Valle,Entire home/apt,198,272,46,3.36,0.25,1513.48
10673,Del Valle,Entire home/apt,58,276,378,3.12,0.24,424.27
10674,Del Valle,Entire home/apt,58,326,95,3.66,0.11,185.92
10675,Centro Historico,Private room,38,333,102,1.59,0.09,99.95
10676,Coyoacan,Private room,215,163,145,1.72,0.55,3569.59
10677,Centro Historico,Entire home/apt,282,149,26,3.07,0.59,5006.47
10678,Narvarte,Private room,150,60,529,4.84,0.84,3760.27
10679,Polanco,Entire home/apt,103,126,81,0.3,0.65,2023.32
10680,Polanco,Private room,288,55,427,3.62,0.85,7338.08
10681,Narvarte,Entire home/apt,215,318,583,4.84,0.13,830.55
10682,Coyoacan,Entire home/apt,203,97,478,0.94,0.73,4471.56
10683,Juarez,Entire home/apt,283,217,161,0.09,0.41,3442.52
10684,Centro Historico,Entire home/apt,222,278,401,1.88,0.24,1587.45
10685,Roma Norte,Entire home/apt,88,98,507,3.53,0.73,1931.18
10686,Del Valle,Entire home/apt,172,127,37,0.83,0.65,3364.6
10687,Del Valle,Entire home/apt,202,63,510,2.56,0.83,5014.03
10688,Coyoacan,Entire home/apt,137,125,392,3.31,0.66,2702.47
10689,Juarez,Entire home/apt,119,127,493,3.59,0.65,2327.84
10690,Polanco,Entire home/apt,246,269,199,1.65,0.26,1941.04
10691,Polanco,Private room,37,84,254,2.4,0.77,854.55
10692,Del Valle,Entire home/apt,213,314,178,4.67,0.14,892.85
10693,Coyoacan,Entire home/apt,72,16,546,5.65,0.96,2065.32
10694,Centro Historico,Entire home/apt,273,131,593,5.17,0.64,5250.58
10695,Polanco,Private room,203,20,388,3.39,0.95,5756.3
10696,Centro Historico,Entire home/apt,64,357,397,2.46,0.02,42.08
10697,Juarez,Entire home/apt,224,224,157,2,0.39,2595.95
10698,Polanco,Private room,59,288,3,0.75,0.21,373.4
10699,Polanco,Private room,146,37,166,0.64,0.9,3936
10700,Condesa,Entire home/apt,240,244,467,4.13,0.33,2386.85
10701,Polanco,Entire home/apt,219,322,408,1.56,0.12,774
10702,Narvarte,Entire home/apt,81,35,411,1.53,0.9,2196.99
10703,Roma Norte,Private room,262,63,203,5.99,0.83,6503.34
10704,Narvarte,Entire home/apt,73,38,193,1.13,0.9,1962
10705,Coyoacan,Entire home/apt,50,362,234,0.89,0.01,12.33
10706,Coyoacan,Private room,56,173,149,0.59,0.53,883.73
10707,Centro Historico,Entire home/apt,247,279,158,3.48,0.24,1745.92
10708,Narvarte,Entire home/apt,183,343,278,3.77,0.06,330.9
10709,Narvarte,Entire home/apt,275,44,403,2.19,0.88,7255.48
10710,Narvarte,Entire home/apt,93,295,310,3.21,0.19,535.07
10711,Juarez,Entire home/apt,236,357,67,4.73,0.02,155.18
10712,Polanco,Entire home/apt,66,282,462,4.91,0.23,450.25
10713,Roma Norte,Entire home/apt,196,217,87,5.75,0.41,2384.22
10714,Centro Historico,Entire home/apt,289,247,216,4.95,0.32,2802.9
10715,Narvarte,Private room,288,102,0,3.39,0.72,6225.53
10716,Narvarte,Entire home/apt,43,182,134,1.08,0.5,646.77
10717,Condesa,Private room,173,88,350,0.6,0.76,3938.71
10718,Centro Historico,Entire home/apt,44,119,139,0.33,0.67,889.64
10719,Narvarte,Private room,248,226,132,4,0.38,2833.32
10720,Centro Historico,Private room,82,115,177,4.85,0.68,1684.93
10721,Polanco,Entire home/apt,145,56,357,3.05,0.85,3682.6
10722,Condesa,Private room,187,190,379,0.33,0.48,2689.73
10723,Centro Historico,Private room,157,73,449,3.21,0.8,3768
10724,Roma Norte,Entire home/apt,136,255,585,5.61,0.3,1229.59
10725,Roma Norte,Entire home/apt,275,253,462,3.59,0.31,2531.51
10726,Coyoacan,Entire home/apt,225,329,107,4.86,0.1,665.75
10727,Condesa,Private room,251,96,121,4.8,0.74,5549.51
10728,Condesa,Private room,85,226,16,5.59,0.38,971.1
10729,Coyoacan,Private room,115,16,195,4.62,0.96,3298.77
10730,Centro Historico,Entire home/apt,122,287,326,4.49,0.21,782.14
10731,Condesa,Private room,228,346,317,1.4,0.05,356.05
10732,Roma Norte,Entire home/apt,138,219,478,0.36,0.4,1656
10733,Roma Norte,Entire home/apt,130,178,251,3.11,0.51,1998.08
10734,Narvarte,Entire home/apt,232,339,502,0.75,0.07,495.78
10735,Polanco,Entire home/apt,35,147,118,5.77,0.6,627.12
10736,Condesa,Entire home/apt,201,315,497,1.74,0.14,826.03
10737,Centro Historico,Entire home/apt,160,239,485,5.12,0.35,1656.99
10738,Coyoacan,Entire home/apt,115,317,44,2.33,0.13,453.7
10739,Coyoacan,Entire home/apt,285,170,313,1.94,0.53,4567.81
10740,Centro Historico,Entire home/apt,203,10,178,5.61,0.97,5923.15
10741,Juarez,Entire home/apt,107,245,417,2.18,0.33,1055.34
10742,Del Valle,Entire home/apt,175,197,555,2.34,0.46,2416.44
10743,Polanco,Entire home/apt,104,13,77,0.64,0.96,3008.88
10744,Coyoacan,Entire home/apt,296,141,325,4.02,0.61,5449.64
10745,Condesa,Entire home/apt,279,227,356,1.73,0.38,3164.55
10746,Polanco,Entire home/apt,37,269,415,3.51,0.26,291.95
10747,Condesa,Entire home/apt,97,10,514,3.55,0.97,2830.27
10748,Juarez,Entire home/apt,83,80,213,4.32,0.78,1944.25
10749,Roma Norte,Entire home/apt,110,187,73,4.47,0.49,1609.32
10750,Polanco,Private room,209,198,562,3.09,0.46,2868.74
10751,Narvarte,Entire home/apt,143,300,578,1.99,0.18,763.97
10752,Coyoacan,Entire home/apt,217,17,508,5.02,0.95,6206.79
10753,Polanco,Entire home/apt,226,262,331,1.86,0.28,1913.26
10754,Polanco,Entire home/apt,99,301,92,3.05,0.18,520.77
10755,Polanco,Entire home/apt,134,253,518,2.41,0.31,1233.53
10756,Del Valle,Entire home/apt,66,132,268,5.13,0.64,1263.95
10757,Polanco,Entire home/apt,162,308,375,2.59,0.16,758.96
10758,Condesa,Entire home/apt,77,292,3,2.32,0.2,462
10759,Roma Norte,Entire home/apt,112,41,137,4.14,0.89,2982.58
10760,Juarez,Private room,196,343,230,3.61,0.06,354.41
10761,Centro Historico,Private room,223,155,599,0.64,0.58,3849.04
10762,Polanco,Entire home/apt,281,165,528,3.05,0.55,4619.18
10763,Coyoacan,Private room,250,25,51,4.41,0.93,6986.3
10764,Polanco,Entire home/apt,202,364,324,5.95,0,16.6
10765,Coyoacan,Entire home/apt,227,56,276,3.77,0.85,5765.18
10766,Condesa,Entire home/apt,47,260,535,2.22,0.29,405.62
10767,Coyoacan,Entire home/apt,274,196,485,1.36,0.46,3805.97
10768,Narvarte,Private room,181,40,515,5.24,0.89,4834.93
10769,Centro Historico,Entire home/apt,238,269,151,4.89,0.26,1877.92
10770,Roma Norte,Private room,114,26,482,1.4,0.93,3176.38
10771,Coyoacan,Entire home/apt,77,48,258,1.2,0.87,2006.22
10772,Coyoacan,Private room,123,313,323,4.29,0.14,525.7
10773,Roma Norte,Entire home/apt,182,48,167,1.89,0.87,4741.97
10774,Centro Historico,Entire home/apt,129,141,309,1.84,0.61,2375.01
10775,Polanco,Entire home/apt,185,39,478,0.91,0.89,4956.99
10776,Coyoacan,Entire home/apt,36,167,55,1.58,0.54,585.86
10777,Roma Norte,Entire home/apt,56,287,472,2.57,0.21,359.01
10778,Narvarte,Entire home/apt,41,212,295,4.4,0.42,515.59
10779,Narvarte,Private room,240,75,460,2.02,0.79,5720.55
10780,Condesa,Entire home/apt,148,117,323,1.97,0.68,3016.77
10781,Roma Norte,Entire home/apt,117,277,140,1.71,0.24,846.25
10782,Condesa,Entire home/apt,213,231,261,2.87,0.37,2345.92
10783,Narvarte,Entire home/apt,244,301,419,1.08,0.18,1283.51
10784,Centro Historico,Entire home/apt,158,27,240,2.91,0.93,4389.37
10785,Polanco,Entire home/apt,147,99,354,4.23,0.73,3213.86
10786,Roma Norte,Entire home/apt,46,190,588,0.18,0.48,661.64
10787,Juarez,Entire home/apt,160,264,179,0.06,0.28,1328.22
10788,Narvarte,Entire home/apt,87,262,65,0.45,0.28,736.52
10789,Narvarte,Entire home/apt,174,266,347,3.21,0.27,1415.84
10790,Juarez,Entire home/apt,131,355,170,5.13,0.03,107.67
10791,Del Valle,Entire home/apt,39,96,473,0.03,0.74,862.27
10792,Narvarte,Entire home/apt,91,99,533,5.62,0.73,1989.53
10793,Coyoacan,Entire home/apt,103,246,366,0.64,0.33,1007.42
10794,Centro Historico,Entire home/apt,152,79,106,5.05,0.78,3573.04
10795,Roma Norte,Private room,93,53,438,2.9,0.85,2384.88
10796,Juarez,Entire home/apt,67,209,226,3.96,0.43,859.07
10797,Coyoacan,Private room,84,161,443,3.06,0.56,1408.44
10798,Juarez,Entire home/apt,53,95,441,2.86,0.74,1176.16
10799,Roma Norte,Entire home/apt,248,28,395,5.01,0.92,6869.26
10800,Condesa,Entire home/apt,231,110,580,4.54,0.7,4841.51
10801,Roma Norte,Private room,81,104,83,2.9,0.72,1737.62
10802,Del Valle,Entire home/apt,201,263,550,0.67,0.28,1685.1
10803,Roma Norte,Private room,175,39,12,0.69,0.89,4689.04
10804,Roma Norte,Private room,118,258,492,4.81,0.29,1037.75
10805,Del Valle,Entire home/apt,216,42,267,3.18,0.88,5734.36
10806,Centro Historico,Entire home/apt,113,238,524,2.89,0.35,1179.53
10807,Narvarte,Entire home/apt,249,21,119,4.08,0.94,7040.22
10808,Roma Norte,Entire home/apt,48,127,352,5.15,0.65,938.96
10809,Del Valle,Private room,249,359,56,3.77,0.02,122.79
10810,Coyoacan,Private room,162,164,39,4.58,0.55,2676.33
10811,Condesa,Entire home/apt,282,255,335,4.59,0.3,2549.59
10812,Condesa,Entire home/apt,63,341,172,2.14,0.07,124.27
10813,Roma Norte,Private room,236,256,546,1.64,0.3,2114.3
10814,Centro Historico,Entire home/apt,91,38,258,4.81,0.9,2445.78
10815,Centro Historico,Private room,252,170,516,2.26,0.53,4038.9
10816,Coyoacan,Entire home/apt,96,244,522,5.42,0.33,954.74
10817,Roma Norte,Entire home/apt,191,199,116,0.42,0.45,2605.97
10818,Condesa,Entire home/apt,236,126,183,0.35,0.65,4635.95
10819,Centro Historico,Entire home/apt,51,280,115,5.56,0.23,356.3
10820,Roma Norte,Entire home/apt,40,267,161,3.89,0.27,322.19
10821,Juarez,Entire home/apt,92,189,578,2.28,0.48,1330.85
10822,Centro Historico,Entire home/apt,203,181,542,4.53,0.5,3070.03
10823,Del Valle,Private room,116,283,586,4.03,0.22,781.81
10824,Juarez,Private room,253,268,236,3.19,0.27,2017.07
10825,Narvarte,Entire home/apt,211,144,65,0.59,0.61,3832.68
10826,Centro Historico,Entire home/apt,238,180,69,4.87,0.51,3618.9
10827,Condesa,Entire home/apt,105,219,446,5.2,0.4,1260
10828,Polanco,Entire home/apt,132,245,415,1.03,0.33,1301.92
10829,Juarez,Entire home/apt,242,195,531,5.1,0.47,3381.37
10830,Narvarte,Entire home/apt,36,104,440,5.27,0.72,772.27
10831,Coyoacan,Entire home/apt,158,20,463,3.3,0.95,4480.27
10832,Coyoacan,Entire home/apt,108,77,395,3.94,0.79,2556.49
10833,Condesa,Entire home/apt,200,219,550,2.29,0.4,2400
10834,Centro Historico,Entire home/apt,56,205,556,1.69,0.44,736.44
10835,Roma Norte,Private room,188,107,394,4.33,0.71,3986.63
10836,Centro Historico,Entire home/apt,253,102,325,5.17,0.72,5468.96
10837,Condesa,Entire home/apt,191,31,90,3.92,0.92,5243.34
10838,Coyoacan,Entire home/apt,264,181,69,3.07,0.5,3992.55
10839,Centro Historico,Entire home/apt,54,143,165,0.95,0.61,985.32
10840,Coyoacan,Entire home/apt,75,34,213,0.32,0.91,2040.41
10841,Juarez,Entire home/apt,182,194,334,2.67,0.47,2557.97
10842,Narvarte,Private room,142,94,368,0.3,0.74,3162.9
10843,Roma Norte,Entire home/apt,118,64,583,3.42,0.82,2919.29
10844,Juarez,Entire home/apt,168,260,48,2.3,0.29,1449.86
10845,Coyoacan,Private room,241,153,51,4.54,0.58,4199.34
10846,Coyoacan,Entire home/apt,107,360,288,1.83,0.01,43.97
10847,Polanco,Entire home/apt,82,176,238,3.56,0.52,1273.81
10848,Polanco,Entire home/apt,267,233,132,3.23,0.36,2896.77
10849,Juarez,Entire home/apt,134,229,165,0.03,0.37,1497.86
10850,Del Valle,Private room,93,188,373,0.43,0.48,1352.96
10851,Juarez,Entire home/apt,292,128,372,1.74,0.65,5688
10852,Polanco,Entire home/apt,99,274,477,5.29,0.25,740.47
10853,Coyoacan,Entire home/apt,117,159,478,0.88,0.56,1980.99
10854,Condesa,Entire home/apt,188,224,590,4.27,0.39,2178.74
10855,Juarez,Entire home/apt,113,206,299,5.84,0.44,1476.74
10856,Coyoacan,Entire home/apt,184,51,81,4.74,0.86,4748.71
10857,Condesa,Entire home/apt,82,62,86,1.46,0.83,2042.14
10858,Condesa,Private room,282,339,224,5.45,0.07,602.63
10859,Polanco,Entire home/apt,132,260,15,0.56,0.29,1139.18
10860,Juarez,Entire home/apt,59,304,357,2.81,0.17,295.81
10861,Centro Historico,Private room,102,280,162,5.33,0.23,712.6
10862,Roma Norte,Entire home/apt,41,132,513,3.85,0.64,785.18
10863,Polanco,Entire home/apt,171,348,349,2.48,0.05,238.93
10864,Polanco,Entire home/apt,198,275,463,1.76,0.25,1464.66
10865,Centro Historico,Entire home/apt,117,357,374,2.25,0.02,76.93
10866,Roma Norte,Entire home/apt,172,38,91,3.05,0.9,4622.79
10867,Coyoacan,Private room,107,44,180,1.91,0.88,2823.04
10868,Del Valle,Entire home/apt,271,15,300,5.81,0.96,7795.89
10869,Juarez,Entire home/apt,80,120,188,5.6,0.67,1610.96
10870,Del Valle,Private room,140,303,313,5.22,0.17,713.42
10871,Coyoacan,Entire home/apt,296,86,492,2.53,0.76,6787.73
10872,Narvarte,Entire home/apt,210,358,127,4.15,0.02,120.82
10873,Polanco,Entire home/apt,200,156,518,5.42,0.57,3435.62
10874,Roma Norte,Private room,179,76,425,5.1,0.79,4251.86
10875,Polanco,Entire home/apt,88,17,558,2.49,0.95,2517.04
10876,Condesa,Entire home/apt,212,131,564,0.67,0.64,4077.37
10877,Polanco,Entire home/apt,278,349,186,0.45,0.04,365.59
10878,Polanco,Entire home/apt,161,184,549,3.46,0.5,2395.15
10879,Coyoacan,Entire home/apt,166,188,452,3.86,0.48,2414.96
10880,Coyoacan,Entire home/apt,127,94,470,5.1,0.74,2828.79
10881,Coyoacan,Private room,107,54,564,1.76,0.85,2735.1
10882,Del Valle,Entire home/apt,282,145,223,1,0.6,5099.18
10883,Condesa,Entire home/apt,77,352,153,2.27,0.04,82.27
10884,Narvarte,Private room,75,25,559,2.12,0.93,2095.89
10885,Narvarte,Private room,204,342,350,0.79,0.06,385.64
10886,Coyoacan,Entire home/apt,246,204,146,4.03,0.44,3255.29
10887,Roma Norte,Entire home/apt,202,18,575,3.05,0.95,5761.15
10888,Del Valle,Entire home/apt,73,325,348,4.33,0.11,240
10889,Centro Historico,Private room,279,343,181,2.12,0.06,504.49
10890,Roma Norte,Private room,185,342,178,1.95,0.06,349.73
10891,Juarez,Entire home/apt,145,336,38,2.84,0.08,345.62
10892,Juarez,Private room,81,24,2,5.26,0.93,2270.22
10893,Roma Norte,Entire home/apt,97,336,63,0.24,0.08,231.21
10894,Coyoacan,Entire home/apt,259,111,28,4.83,0.7,5407.07
10895,Centro Historico,Entire home/apt,103,235,371,2.21,0.36,1100.55
10896,Centro Historico,Private room,237,287,522,5.13,0.21,1519.4
10897,Del Valle,Entire home/apt,95,122,96,4.81,0.67,1897.4
10898,Centro Historico,Private room,195,10,441,2.09,0.97,5689.73
10899,Juarez,Private room,50,275,202,4.16,0.25,369.86
10900,Condesa,Entire home/apt,128,217,410,0.96,0.41,1557.04
10901,Coyoacan,Entire home/apt,172,119,20,5.38,0.67,3477.7
10902,Centro Historico,Entire home/apt,72,209,550,2.43,0.43,923.18
10903,Del Valle,Entire home/apt,161,315,101,2.73,0.14,661.64
10904,Juarez,Entire home/apt,198,21,45,4.23,0.94,5598.25
10905,Condesa,Entire home/apt,111,354,65,4.93,0.03,100.36
10906,Polanco,Private room,208,197,163,1.42,0.46,2872.11
10907,Polanco,Entire home/apt,125,163,110,3.97,0.55,2075.34
10908,Condesa,Entire home/apt,272,343,337,2.35,0.06,491.84
10909,Juarez,Entire home/apt,298,288,122,2.21,0.21,1885.97
10910,Del Valle,Entire home/apt,213,180,446,4.14,0.51,3238.77
10911,Condesa,Entire home/apt,243,143,290,2.32,0.61,4433.92
10912,Coyoacan,Entire home/apt,107,34,411,2.08,0.91,2910.99
10913,Coyoacan,Private room,141,27,280,5.02,0.93,3917.1
10914,Polanco,Entire home/apt,216,199,42,0.61,0.45,2947.07
10915,Centro Historico,Private room,71,150,485,4.06,0.59,1254.66
10916,Del Valle,Private room,171,52,595,1.49,0.86,4399.15
10917,Polanco,Entire home/apt,90,343,50,0.09,0.06,162.74
10918,Centro Historico,Private room,221,293,209,1,0.2,1307.84
10919,Centro Historico,Entire home/apt,292,155,125,3.64,0.58,5040
10920,Narvarte,Private room,92,324,491,4.25,0.11,310.03
10921,Coyoacan,Entire home/apt,157,328,508,0.13,0.1,477.45
10922,Juarez,Private room,222,101,580,0.22,0.72,4817.1
10923,Roma Norte,Private room,264,188,257,5.42,0.48,3840.66
10924,Juarez,Private room,202,65,187,0.44,0.82,4980.82
10925,Roma Norte,Private room,148,164,229,5.37,0.55,2445.04
10926,Condesa,Entire home/apt,286,169,188,1.37,0.54,4607.34
10927,Coyoacan,Entire home/apt,141,120,414,4.44,0.67,2839.32
10928,Centro Historico,Entire home/apt,71,146,9,1.86,0.6,1278
10929,Del Valle,Entire home/apt,126,241,113,5.15,0.34,1284.16
10930,Roma Norte,Entire home/apt,52,229,75,4.2,0.37,581.26
10931,Juarez,Entire home/apt,97,77,501,2.41,0.79,2296.11
10932,Centro Historico,Private room,184,311,84,0.46,0.15,816.66
10933,Roma Norte,Entire home/apt,173,258,48,4.4,0.29,1521.45
10934,Roma Norte,Private room,220,332,494,3.7,0.09,596.71
10935,Narvarte,Entire home/apt,219,15,386,0.02,0.96,6300
10936,Roma Norte,Private room,239,289,388,0.06,0.21,1492.93
10937,Del Valle,Private room,294,103,217,4.85,0.72,6331.07
10938,Coyoacan,Entire home/apt,248,278,345,1.56,0.24,1773.37
10939,Del Valle,Entire home/apt,290,206,229,3.82,0.44,3789.86
10940,Polanco,Private room,169,34,254,2.73,0.91,4597.73
10941,Centro Historico,Entire home/apt,95,157,235,5.18,0.57,1624.11
10942,Coyoacan,Entire home/apt,122,127,25,5.5,0.65,2386.52
10943,Narvarte,Entire home/apt,241,347,583,5.98,0.05,356.55
10944,Coyoacan,Entire home/apt,163,347,260,0.92,0.05,241.15
10945,Coyoacan,Entire home/apt,37,75,270,5.18,0.79,881.92
10946,Juarez,Entire home/apt,276,310,122,1.6,0.15,1247.67
10947,Coyoacan,Entire home/apt,155,184,256,3.54,0.5,2305.89
10948,Narvarte,Entire home/apt,136,328,420,3.03,0.1,413.59
10949,Del Valle,Private room,72,85,258,0.11,0.77,1656.99
10950,Coyoacan,Entire home/apt,167,123,46,5.6,0.66,3321.7
10951,Condesa,Private room,236,120,524,0.47,0.67,4752.33
10952,Centro Historico,Entire home/apt,55,258,207,4.13,0.29,483.7
10953,Coyoacan,Entire home/apt,276,212,310,4.71,0.42,3470.79
10954,Centro Historico,Entire home/apt,143,156,148,4.77,0.57,2456.47
10955,Condesa,Entire home/apt,118,44,437,0.81,0.88,3113.26
10956,Condesa,Entire home/apt,117,318,154,2.69,0.13,451.97
10957,Centro Historico,Entire home/apt,103,35,89,4.98,0.9,2793.7
10958,Roma Norte,Entire home/apt,163,247,357,1.82,0.32,1580.88
10959,Polanco,Entire home/apt,230,23,173,2.81,0.94,6465.21
10960,Juarez,Entire home/apt,174,54,216,1.64,0.85,4447.73
10961,Roma Norte,Entire home/apt,268,225,455,2.78,0.38,3083.84
10962,Roma Norte,Entire home/apt,57,242,198,5.33,0.34,576.25
10963,Del Valle,Private room,187,202,485,2.73,0.45,2505.29
10964,Juarez,Entire home/apt,95,60,532,3.34,0.84,2381.51
10965,Juarez,Entire home/apt,86,223,199,2.42,0.39,1003.73
10966,Roma Norte,Private room,187,160,370,2.76,0.56,3150.82
10967,Coyoacan,Entire home/apt,271,284,447,0.09,0.22,1804.19
10968,Del Valle,Entire home/apt,66,347,247,1.7,0.05,97.64
10969,Del Valle,Private room,89,85,263,2.62,0.77,2048.22
10970,Condesa,Entire home/apt,70,229,57,3.8,0.37,782.47
10971,Narvarte,Entire home/apt,144,357,301,2.7,0.02,94.68
10972,Juarez,Entire home/apt,211,196,30,2.03,0.46,2930.88
10973,Roma Norte,Entire home/apt,131,298,497,2.33,0.18,721.4
10974,Condesa,Entire home/apt,247,37,248,1.45,0.9,6658.85
10975,Centro Historico,Entire home/apt,171,189,270,5.55,0.48,2473.64
10976,Polanco,Entire home/apt,40,262,393,3.13,0.28,338.63
10977,Narvarte,Entire home/apt,143,135,501,0.08,0.63,2703.29
10978,Narvarte,Private room,69,186,591,0.12,0.49,1015.15
10979,Narvarte,Private room,73,46,83,5.84,0.87,1914
10980,Del Valle,Entire home/apt,184,108,364,1.33,0.7,3886.68
10981,Centro Historico,Entire home/apt,152,107,548,4.83,0.71,3223.23
10982,Narvarte,Entire home/apt,295,136,341,0.35,0.63,5552.47
10983,Centro Historico,Entire home/apt,121,177,406,5.53,0.52,1869.7
10984,Coyoacan,Entire home/apt,110,89,424,5.25,0.76,2495.34
10985,Narvarte,Entire home/apt,248,303,92,3.43,0.17,1263.78
10986,Polanco,Private room,273,342,411,0.05,0.06,516.08
10987,Centro Historico,Entire home/apt,199,135,431,1.55,0.63,3761.92
10988,Centro Historico,Entire home/apt,121,352,158,2.44,0.04,129.29
10989,Polanco,Entire home/apt,175,319,13,2.76,0.13,661.64
10990,Narvarte,Entire home/apt,194,159,372,1.79,0.56,3284.71
10991,Polanco,Private room,80,25,224,0.2,0.93,2235.62
10992,Centro Historico,Private room,146,37,504,3.54,0.9,3936
10993,Polanco,Private room,79,182,72,3.14,0.5,1188.25
10994,Centro Historico,Entire home/apt,281,55,248,1.7,0.85,7159.73
10995,Centro Historico,Entire home/apt,138,337,510,0.23,0.08,317.59
10996,Coyoacan,Entire home/apt,119,245,215,5.97,0.33,1173.7
10997,Roma Norte,Entire home/apt,168,223,540,2.89,0.39,1960.77
10998,Centro Historico,Entire home/apt,142,94,219,4.54,0.74,3162.9
10999,Narvarte,Private room,52,291,220,2.71,0.2,316.27
11000,Condesa,Entire home/apt,128,241,388,0.26,0.34,1304.55
11001,Del Valle,Entire home/apt,184,94,553,1.86,0.74,4098.41
11002,Juarez,Entire home/apt,280,74,41,1.92,0.8,6696.99
11003,Roma Norte,Entire home/apt,243,143,282,5.03,0.61,4433.92
11004,Roma Norte,Entire home/apt,160,160,57,3.93,0.56,2695.89
11005,Roma Norte,Private room,269,124,536,1.65,0.66,5328.41
11006,Coyoacan,Private room,156,73,72,5.81,0.8,3744
11007,Centro Historico,Private room,172,352,128,1.93,0.04,183.78
11008,Coyoacan,Entire home/apt,149,361,598,5.99,0.01,48.99
11009,Centro Historico,Entire home/apt,196,167,425,5.98,0.54,3189.7
11010,Narvarte,Entire home/apt,235,86,124,1.15,0.76,5388.9
11011,Coyoacan,Entire home/apt,268,155,66,1.88,0.58,4625.75
11012,Coyoacan,Private room,62,352,5,2.92,0.04,66.25
11013,Del Valle,Entire home/apt,45,234,313,3.98,0.36,484.52
11014,Condesa,Entire home/apt,240,322,325,3.17,0.12,848.22
11015,Coyoacan,Entire home/apt,201,112,564,5.82,0.69,4179.7
11016,Del Valle,Entire home/apt,281,356,577,4.34,0.02,207.86
11017,Polanco,Private room,81,310,505,1.27,0.15,366.16
11018,Condesa,Entire home/apt,280,97,81,0.63,0.73,6167.67
11019,Narvarte,Entire home/apt,161,312,598,4.13,0.15,701.34
11020,Coyoacan,Entire home/apt,181,177,1,0.95,0.52,2796.82
11021,Juarez,Entire home/apt,152,179,203,4.73,0.51,2323.73
11022,Roma Norte,Private room,186,144,403,1.87,0.61,3378.58
11023,Polanco,Private room,106,59,102,1.96,0.84,2665.97
11024,Polanco,Private room,171,349,535,0.06,0.04,224.88
11025,Narvarte,Private room,209,356,367,4.21,0.02,154.6
11026,Del Valle,Entire home/apt,53,143,211,0.68,0.61,967.07
11027,Polanco,Entire home/apt,229,356,576,4.64,0.02,169.4
11028,Condesa,Entire home/apt,209,146,208,2.95,0.6,3762
11029,Coyoacan,Entire home/apt,175,254,116,4.71,0.3,1596.58
11030,Coyoacan,Private room,280,118,477,3.5,0.68,5684.38
11031,Juarez,Entire home/apt,127,322,104,0.49,0.12,448.85
11032,Narvarte,Private room,273,296,494,4.59,0.19,1548.25
11033,Roma Norte,Entire home/apt,239,30,45,0.42,0.92,6580.68
11034,Del Valle,Entire home/apt,82,99,330,2.87,0.73,1792.77
11035,Roma Norte,Entire home/apt,279,305,215,1.03,0.16,1375.89
11036,Polanco,Private room,162,121,491,4.51,0.67,3248.88
11037,Narvarte,Entire home/apt,51,310,448,5.47,0.15,230.55
11038,Juarez,Entire home/apt,105,86,535,3.32,0.76,2407.81
11039,Roma Norte,Entire home/apt,41,186,510,3.16,0.49,603.21
11040,Condesa,Entire home/apt,137,352,457,4.58,0.04,146.38
11041,Coyoacan,Entire home/apt,227,157,546,0.03,0.57,3880.77
11042,Polanco,Private room,275,110,535,5.51,0.7,5763.7
11043,Juarez,Entire home/apt,96,255,539,1.18,0.3,867.95
11044,Roma Norte,Entire home/apt,51,126,483,5.9,0.65,1001.84
11045,Del Valle,Entire home/apt,205,101,15,4.42,0.72,4448.22
11046,Condesa,Entire home/apt,59,37,570,4.65,0.9,1590.58
11047,Condesa,Entire home/apt,285,34,242,3.94,0.91,7753.56
11048,Roma Norte,Entire home/apt,287,67,206,2.83,0.82,7029.53
11049,Coyoacan,Entire home/apt,241,306,270,3.43,0.16,1168.68
11050,Roma Norte,Entire home/apt,63,143,114,0.28,0.61,1149.53
11051,Polanco,Private room,151,340,579,3.74,0.07,310.27
11052,Roma Norte,Private room,178,258,298,3.76,0.29,1565.42
11053,Condesa,Entire home/apt,59,47,482,5.35,0.87,1542.08
11054,Juarez,Entire home/apt,190,84,396,3.03,0.77,4388.22
11055,Roma Norte,Entire home/apt,107,151,393,0.46,0.59,1882.03
11056,Coyoacan,Private room,154,331,74,1.84,0.09,430.36
11057,Narvarte,Entire home/apt,127,177,481,3.93,0.52,1962.41
11058,Juarez,Entire home/apt,120,268,102,1.44,0.27,956.71
11059,Del Valle,Entire home/apt,152,364,296,1.68,0,12.49
11060,Centro Historico,Entire home/apt,267,234,177,4.92,0.36,2874.82
11061,Roma Norte,Entire home/apt,233,161,214,3.51,0.56,3906.74
11062,Coyoacan,Private room,240,28,314,3.05,0.92,6647.67
11063,Juarez,Entire home/apt,181,155,38,1.91,0.58,3124.11
11064,Coyoacan,Entire home/apt,173,250,258,4.39,0.32,1635.21
11065,Del Valle,Entire home/apt,215,353,6,1.73,0.03,212.05
11066,Condesa,Private room,64,246,48,4.42,0.33,625.97
11067,Coyoacan,Entire home/apt,91,44,537,0.42,0.88,2400.9
11068,Juarez,Private room,266,199,160,5.19,0.45,3629.26
11069,Coyoacan,Entire home/apt,180,10,175,3,0.97,5252.05
11070,Coyoacan,Entire home/apt,82,162,590,2.63,0.56,1368.16
11071,Coyoacan,Entire home/apt,228,135,1,3.67,0.63,4310.14
11072,Polanco,Entire home/apt,258,354,454,3.75,0.03,233.26
11073,Polanco,Entire home/apt,170,235,275,0.79,0.36,1816.44
11074,Condesa,Private room,56,230,497,4.54,0.37,621.37
11075,Roma Norte,Entire home/apt,40,220,27,1.66,0.4,476.71
11076,Coyoacan,Entire home/apt,238,34,332,5.43,0.91,6474.9
11077,Del Valle,Entire home/apt,273,25,0,4.91,0.93,7629.04
11078,Roma Norte,Private room,219,191,187,2.08,0.48,3132
11079,Del Valle,Private room,254,338,55,4.85,0.07,563.67
11080,Roma Norte,Entire home/apt,150,138,546,2.14,0.62,2798.63
11081,Condesa,Private room,83,51,111,0.61,0.86,2142.08
11082,Coyoacan,Entire home/apt,207,345,309,5.77,0.05,340.27
11083,Coyoacan,Entire home/apt,116,245,35,3.92,0.33,1144.11
11084,Centro Historico,Private room,79,43,438,2.74,0.88,2090.79
11085,Del Valle,Private room,54,354,591,2.39,0.03,48.82
11086,Roma Norte,Entire home/apt,255,54,594,1.95,0.85,6518.22
11087,Roma Norte,Entire home/apt,157,143,576,5.89,0.61,2864.71
11088,Narvarte,Entire home/apt,268,30,324,0.81,0.92,7379.18
11089,Narvarte,Private room,255,131,306,1.89,0.64,4904.38
11090,Polanco,Entire home/apt,37,79,533,2.91,0.78,869.75
11091,Centro Historico,Entire home/apt,216,361,108,2.87,0.01,71.01
11092,Juarez,Entire home/apt,240,57,371,2.83,0.84,6075.62
11093,Narvarte,Entire home/apt,74,48,356,1.05,0.87,1928.05
11094,Juarez,Entire home/apt,93,296,180,0.87,0.19,527.42
11095,Polanco,Private room,96,19,355,1.53,0.95,2730.08
11096,Polanco,Entire home/apt,166,39,67,5.49,0.89,4447.89
11097,Polanco,Entire home/apt,94,253,291,0.68,0.31,865.32
11098,Del Valle,Entire home/apt,156,283,180,4.54,0.22,1051.4
11099,Del Valle,Private room,141,97,465,4.55,0.73,3105.86
11100,Condesa,Entire home/apt,130,253,433,4.86,0.31,1196.71
11101,Condesa,Entire home/apt,269,338,463,5.32,0.07,596.96
11102,Polanco,Private room,96,24,533,1.58,0.93,2690.63
11103,Centro Historico,Private room,290,13,65,1.35,0.96,8390.14
11104,Roma Norte,Private room,83,200,20,2.79,0.45,1125.62
11105,Del Valle,Private room,193,177,383,1.59,0.52,2982.25
11106,Centro Historico,Entire home/apt,158,18,558,4.41,0.95,4506.25
11107,Coyoacan,Private room,241,118,38,3.82,0.68,4892.63
11108,Del Valle,Entire home/apt,82,146,284,5.25,0.6,1476
11109,Del Valle,Private room,170,163,596,0.5,0.55,2822.47
11110,Condesa,Private room,235,218,335,5.49,0.4,2839.32
11111,Roma Norte,Private room,284,281,187,1.76,0.23,1960.77
11112,Roma Norte,Entire home/apt,243,152,242,2.94,0.58,4254.16
11113,Narvarte,Entire home/apt,245,108,72,2.63,0.7,5175.21
11114,Juarez,Entire home/apt,226,317,478,4.56,0.13,891.62
11115,Juarez,Private room,78,78,560,2.52,0.79,1839.95
11116,Juarez,Private room,63,256,100,5.66,0.3,564.41
11117,Juarez,Entire home/apt,93,270,513,5.42,0.26,726.16
11118,Coyoacan,Entire home/apt,105,285,175,5.23,0.22,690.41
11119,Coyoacan,Entire home/apt,126,88,237,0.43,0.76,2868.66
11120,Del Valle,Private room,299,155,58,5.13,0.58,5160.82
11121,Polanco,Private room,254,120,98,4.69,0.67,5114.79
11122,Condesa,Entire home/apt,249,267,494,0.62,0.27,2005.64
11123,Condesa,Entire home/apt,98,102,513,0.64,0.72,2118.41
11124,Juarez,Private room,279,22,296,0.61,0.94,7865.51
11125,Del Valle,Private room,96,269,210,0.07,0.26,757.48
11126,Narvarte,Entire home/apt,204,118,122,3.29,0.68,4141.48
11127,Centro Historico,Entire home/apt,88,339,228,5.84,0.07,188.05
11128,Polanco,Entire home/apt,50,198,593,2.63,0.46,686.3
11129,Del Valle,Entire home/apt,42,104,387,3.24,0.72,900.99
11130,Polanco,Entire home/apt,138,114,139,5.81,0.69,2846.96
11131,Polanco,Entire home/apt,93,17,540,1.53,0.95,2660.05
11132,Polanco,Private room,74,76,390,5.15,0.79,1757.75
11133,Del Valle,Entire home/apt,271,200,269,3.28,0.45,3675.21
11134,Juarez,Private room,128,265,11,3.42,0.27,1052.05
11135,Condesa,Entire home/apt,256,18,388,2.06,0.95,7301.26
11136,Condesa,Entire home/apt,238,126,336,3.37,0.65,4675.23
11137,Juarez,Entire home/apt,172,276,505,0.44,0.24,1258.19
11138,Polanco,Entire home/apt,241,108,105,4.59,0.7,5090.71
11139,Centro Historico,Private room,115,307,31,1.71,0.16,548.22
11140,Roma Norte,Private room,252,173,73,5.33,0.53,3976.77
11141,Del Valle,Entire home/apt,36,150,170,2.21,0.59,636.16
11142,Roma Norte,Entire home/apt,212,277,68,0.86,0.24,1533.37
11143,Narvarte,Private room,180,46,361,4.18,0.87,4719.45
11144,Juarez,Entire home/apt,258,83,432,0.99,0.77,5979.95
11145,Centro Historico,Entire home/apt,96,82,99,4.52,0.78,2232.99
11146,Del Valle,Private room,273,317,8,5.81,0.13,1077.04
11147,Juarez,Entire home/apt,229,208,573,4.68,0.43,2955.04
11148,Polanco,Entire home/apt,200,139,28,0.13,0.62,3715.07
11149,Condesa,Entire home/apt,256,255,113,3.6,0.3,2314.52
11150,Roma Norte,Private room,95,321,461,4.17,0.12,343.56
11151,Coyoacan,Entire home/apt,163,69,142,4.95,0.81,3965.59
11152,Coyoacan,Entire home/apt,207,288,389,0.34,0.21,1310.05
11153,Centro Historico,Private room,190,112,156,2.88,0.69,3950.96
11154,Polanco,Entire home/apt,144,305,334,3.21,0.16,710.14
11155,Narvarte,Private room,108,329,259,1.01,0.1,319.56
11156,Roma Norte,Entire home/apt,241,350,81,1.93,0.04,297.12
11157,Polanco,Private room,238,160,440,2.64,0.56,4010.14
11158,Roma Norte,Entire home/apt,195,166,171,5,0.55,3189.45
11159,Centro Historico,Entire home/apt,62,215,230,5.58,0.41,764.38
11160,Centro Historico,Entire home/apt,291,188,74,3.77,0.48,4233.45
11161,Narvarte,Entire home/apt,199,206,269,2.37,0.44,2600.63
11162,Coyoacan,Private room,97,232,61,1.52,0.36,1060.36
11163,Polanco,Private room,56,98,319,5.89,0.73,1228.93
11164,Del Valle,Entire home/apt,104,296,101,5.9,0.19,589.81
11165,Coyoacan,Entire home/apt,130,285,428,5.55,0.22,854.79
11166,Polanco,Private room,197,245,254,4.71,0.33,1943.01
11167,Coyoacan,Private room,113,192,531,1.95,0.47,1606.77
11168,Del Valle,Entire home/apt,39,218,569,4.9,0.4,471.21
11169,Condesa,Entire home/apt,154,139,111,2.45,0.62,2860.6
11170,Condesa,Entire home/apt,212,162,312,1.96,0.56,3537.21
11171,Narvarte,Entire home/apt,210,22,460,4.47,0.94,5920.27
11172,Condesa,Entire home/apt,251,131,461,0.48,0.64,4827.45
11173,Condesa,Entire home/apt,90,229,91,0.29,0.37,1006.03
11174,Juarez,Entire home/apt,221,115,51,2.69,0.68,4541.1
11175,Roma Norte,Private room,266,79,519,2.67,0.78,6252.82
11176,Juarez,Entire home/apt,289,204,97,5.37,0.44,3824.3
11177,Juarez,Entire home/apt,138,195,235,0.76,0.47,1928.22
11178,Narvarte,Entire home/apt,111,108,373,0.74,0.7,2344.68
11179,Juarez,Entire home/apt,264,91,580,0.88,0.75,5945.42
11180,Condesa,Entire home/apt,292,84,556,0.18,0.77,6744
11181,Del Valle,Entire home/apt,298,349,233,0.43,0.04,391.89
11182,Narvarte,Entire home/apt,216,201,31,3.96,0.45,2911.56
11183,Narvarte,Entire home/apt,290,334,288,2.59,0.08,738.9
11184,Centro Historico,Entire home/apt,72,223,578,4.58,0.39,840.33
11185,Narvarte,Entire home/apt,210,324,541,5.96,0.11,707.67
11186,Centro Historico,Private room,61,327,113,3.95,0.1,190.52
11187,Narvarte,Entire home/apt,174,153,203,0.3,0.58,3031.89
11188,Roma Norte,Private room,125,225,28,0.63,0.38,1438.36
11189,Condesa,Entire home/apt,95,333,473,5.29,0.09,249.86
11190,Narvarte,Entire home/apt,197,24,252,3.16,0.93,5521.4
11191,Condesa,Entire home/apt,177,226,385,4.95,0.38,2022.16
11192,Condesa,Entire home/apt,287,44,61,5.14,0.88,7572.08
11193,Coyoacan,Private room,221,192,514,5.57,0.47,3142.44
11194,Narvarte,Entire home/apt,120,279,429,5.7,0.24,848.22
11195,Polanco,Private room,200,109,579,3.33,0.7,4208.22
11196,Coyoacan,Entire home/apt,148,16,536,2.05,0.96,4245.37
11197,Polanco,Entire home/apt,217,39,140,5.77,0.89,5814.41
11198,Condesa,Entire home/apt,241,314,299,3.28,0.14,1010.22
11199,Condesa,Entire home/apt,290,153,310,0.39,0.58,5053.15
11200,Coyoacan,Entire home/apt,269,120,470,3.86,0.67,5416.85
11201,Coyoacan,Entire home/apt,37,241,392,3.53,0.34,377.1
11202,Polanco,Entire home/apt,242,188,444,5.37,0.48,3520.6
11203,Centro Historico,Entire home/apt,231,81,171,3.92,0.78,5392.11
11204,Polanco,Private room,159,219,575,2.09,0.4,1908
11205,Coyoacan,Private room,172,229,30,5.8,0.37,1922.63
11206,Del Valle,Private room,59,89,46,4.81,0.76,1338.41
11207,Coyoacan,Entire home/apt,102,92,129,3.78,0.75,2288.71
11208,Del Valle,Entire home/apt,95,51,351,1.76,0.86,2451.78
11209,Roma Norte,Entire home/apt,63,282,580,2.24,0.23,429.78
11210,Coyoacan,Private room,53,200,57,4.02,0.45,718.77
11211,Roma Norte,Entire home/apt,205,182,105,0.43,0.5,3083.42
11212,Centro Historico,Entire home/apt,108,16,329,1.54,0.96,3097.97
11213,Polanco,Private room,95,164,382,4.28,0.55,1569.45
11214,Del Valle,Entire home/apt,187,19,161,2.88,0.95,5317.97
11215,Polanco,Entire home/apt,82,43,285,2.41,0.88,2170.19
11216,Roma Norte,Entire home/apt,245,45,70,0.91,0.88,6443.84
11217,Del Valle,Entire home/apt,173,15,453,2.65,0.96,4976.71
11218,Polanco,Entire home/apt,144,224,566,4.62,0.39,1668.82
11219,Coyoacan,Entire home/apt,217,143,396,1.58,0.61,3959.51
11220,Condesa,Entire home/apt,62,294,514,0.03,0.19,361.81
11221,Roma Norte,Entire home/apt,231,135,25,4.01,0.63,4366.85
11222,Polanco,Private room,225,346,312,5.84,0.05,351.37
11223,Roma Norte,Entire home/apt,85,183,125,3.64,0.5,1271.51
11224,Juarez,Entire home/apt,183,161,407,0.72,0.56,3068.38
11225,Roma Norte,Entire home/apt,84,340,564,1.92,0.07,172.6
11226,Del Valle,Private room,280,35,197,5.21,0.9,7594.52
11227,Juarez,Entire home/apt,147,124,187,1.4,0.66,2911.81
11228,Narvarte,Entire home/apt,204,293,483,3.65,0.2,1207.23
11229,Del Valle,Private room,200,84,449,2.42,0.77,4619.18
11230,Condesa,Private room,48,175,522,1.25,0.52,749.59
11231,Juarez,Entire home/apt,237,198,353,4.88,0.46,3253.07
11232,Narvarte,Private room,223,87,596,4.46,0.76,5095.4
11233,Coyoacan,Entire home/apt,189,99,99,3.97,0.73,4132.11
11234,Roma Norte,Entire home/apt,89,185,557,1.42,0.49,1316.71
11235,Polanco,Entire home/apt,216,30,555,0.59,0.92,5947.4
11236,Centro Historico,Entire home/apt,244,63,277,3.46,0.83,6056.55
11237,Roma Norte,Private room,109,193,490,3.32,0.47,1540.93
11238,Narvarte,Entire home/apt,167,231,254,1.13,0.37,1839.29
11239,Roma Norte,Entire home/apt,93,324,380,0.34,0.11,313.4
11240,Condesa,Private room,216,337,541,0.48,0.08,497.1
11241,Coyoacan,Private room,98,188,263,5.96,0.48,1425.7
11242,Centro Historico,Entire home/apt,294,285,328,4.7,0.22,1933.15
11243,Juarez,Entire home/apt,227,121,114,5.53,0.67,4552.44
11244,Juarez,Entire home/apt,177,233,275,1.17,0.36,1920.33
11245,Juarez,Private room,138,223,487,5.76,0.39,1610.63
11246,Narvarte,Entire home/apt,248,68,280,0.86,0.81,6053.92
11247,Del Valle,Private room,276,336,274,3.05,0.08,657.86
11248,Del Valle,Entire home/apt,243,118,327,4.98,0.68,4933.23
11249,Polanco,Entire home/apt,127,166,210,2.1,0.55,2077.23
11250,Centro Historico,Entire home/apt,176,200,551,2.55,0.45,2386.85
11251,Juarez,Entire home/apt,146,209,25,0.77,0.43,1872
11252,Del Valle,Entire home/apt,93,321,26,0.74,0.12,336.33
11253,Narvarte,Private room,77,205,82,3.72,0.44,1012.6
11254,Polanco,Entire home/apt,241,44,412,4.05,0.88,6358.44
11255,Coyoacan,Entire home/apt,152,255,166,4.66,0.3,1374.25
11256,Polanco,Private room,54,246,168,3.34,0.33,528.16
11257,Del Valle,Entire home/apt,256,113,228,3.87,0.69,5302.36
11258,Condesa,Private room,200,16,366,0.08,0.96,5736.99
11259,Narvarte,Entire home/apt,165,292,527,0.97,0.2,990
11260,Condesa,Entire home/apt,190,10,537,5.91,0.97,5543.84
11261,Juarez,Entire home/apt,218,228,523,0.46,0.38,2454.74
11262,Condesa,Entire home/apt,124,239,71,4.07,0.35,1284.16
11263,Juarez,Private room,128,181,105,1.06,0.5,1935.78
11264,Juarez,Entire home/apt,47,96,281,4.3,0.74,1039.15
11265,Del Valle,Entire home/apt,264,50,132,4.24,0.86,6835.07
11266,Condesa,Entire home/apt,60,132,533,1.41,0.64,1149.04
11267,Juarez,Entire home/apt,109,340,268,1.62,0.07,223.97
11268,Centro Historico,Private room,184,307,411,3.93,0.16,877.15
11269,Coyoacan,Entire home/apt,182,187,17,2.34,0.49,2662.68
11270,Polanco,Entire home/apt,42,72,116,1.17,0.8,1011.45
11271,Polanco,Private room,63,174,143,4.39,0.52,989.01
11272,Del Valle,Entire home/apt,243,196,550,0.92,0.46,3375.37
11273,Condesa,Private room,162,218,421,5.13,0.4,1957.32
11274,Condesa,Entire home/apt,150,236,368,3.09,0.35,1590.41
11275,Juarez,Entire home/apt,178,57,557,0.63,0.84,4506.08
11276,Narvarte,Entire home/apt,269,233,49,4.16,0.36,2918.47
11277,Roma Norte,Private room,41,12,105,3.11,0.97,1189.56
11278,Juarez,Private room,79,184,215,1.79,0.5,1175.26
11279,Coyoacan,Entire home/apt,273,108,424,2.54,0.7,5766.66
11280,Centro Historico,Entire home/apt,189,125,71,1.79,0.66,3728.22
11281,Polanco,Entire home/apt,215,279,445,1.58,0.24,1519.73
11282,Juarez,Entire home/apt,249,262,185,0.98,0.28,2107.97
11283,Roma Norte,Entire home/apt,122,326,69,2.18,0.11,391.07
11284,Roma Norte,Private room,290,104,149,1.51,0.72,6221.1
11285,Juarez,Entire home/apt,107,282,245,4.1,0.23,729.95
11286,Del Valle,Entire home/apt,213,33,537,4.1,0.91,5812.27
11287,Polanco,Entire home/apt,246,125,98,3.01,0.66,4852.6
11288,Del Valle,Entire home/apt,268,160,277,4.67,0.56,4515.62
11289,Centro Historico,Entire home/apt,273,347,562,5.05,0.05,403.89
11290,Roma Norte,Entire home/apt,257,59,454,3.48,0.84,6463.73
11291,Roma Norte,Private room,153,215,103,3.71,0.41,1886.3
11292,Coyoacan,Entire home/apt,298,344,232,1.7,0.06,514.36
11293,Centro Historico,Entire home/apt,241,88,393,5.37,0.76,5486.88
11294,Roma Norte,Entire home/apt,129,79,500,0.15,0.78,3032.38
11295,Centro Historico,Private room,256,36,250,2.09,0.9,6922.52
11296,Polanco,Private room,265,280,520,4.33,0.23,1851.37
11297,Condesa,Entire home/apt,153,59,78,0.48,0.84,3848.05
11298,Roma Norte,Entire home/apt,98,301,51,1.1,0.18,515.51
11299,Coyoacan,Entire home/apt,45,256,225,3.54,0.3,403.15
11300,Polanco,Entire home/apt,132,273,50,3.36,0.25,998.14
11301,Juarez,Entire home/apt,105,88,185,4.43,0.76,2390.55
11302,Centro Historico,Entire home/apt,92,199,33,4.88,0.45,1255.23
11303,Juarez,Entire home/apt,285,56,130,0.77,0.85,7238.22
11304,Del Valle,Private room,84,363,442,0.11,0.01,13.81
11305,Polanco,Private room,250,361,431,4.14,0.01,82.19
11306,Juarez,Entire home/apt,86,198,496,1.81,0.46,1180.44
11307,Narvarte,Entire home/apt,118,265,402,3.76,0.27,969.86
11308,Narvarte,Entire home/apt,160,231,322,0.9,0.37,1762.19
11309,Roma Norte,Entire home/apt,106,250,209,2.81,0.32,1001.92
11310,Centro Historico,Entire home/apt,270,278,328,3.03,0.24,1930.68
11311,Condesa,Entire home/apt,90,10,371,3.51,0.97,2626.03
11312,Polanco,Entire home/apt,144,43,459,3.08,0.88,3811.07
11313,Roma Norte,Private room,226,88,132,2.97,0.76,5145.37
11314,Coyoacan,Entire home/apt,127,245,120,2,0.33,1252.6
11315,Del Valle,Entire home/apt,90,343,451,0.43,0.06,162.74
11316,Centro Historico,Private room,94,358,128,0.54,0.02,54.08
11317,Polanco,Entire home/apt,172,107,90,2.6,0.71,3647.34
11318,Narvarte,Entire home/apt,73,91,574,2.13,0.75,1644
11319,Polanco,Entire home/apt,62,201,28,3.1,0.45,835.73
11320,Condesa,Entire home/apt,83,262,523,1.83,0.28,702.66
11321,Narvarte,Private room,159,47,332,4.13,0.87,4155.78
11322,Condesa,Entire home/apt,47,23,296,5.18,0.94,1321.15
11323,Coyoacan,Entire home/apt,70,356,129,1.79,0.02,51.78
11324,Del Valle,Private room,135,319,292,1.16,0.13,510.41
11325,Coyoacan,Private room,120,218,172,0.7,0.4,1449.86
11326,Roma Norte,Private room,38,98,23,3.7,0.73,833.92
11327,Roma Norte,Entire home/apt,257,65,98,2.66,0.82,6336.99
11328,Coyoacan,Entire home/apt,200,103,405,1.13,0.72,4306.85
11329,Del Valle,Private room,164,102,355,3.92,0.72,3545.1
11330,Coyoacan,Private room,65,349,138,0.89,0.04,85.48
11331,Del Valle,Entire home/apt,45,94,502,3.33,0.74,1002.33
11332,Del Valle,Entire home/apt,130,254,173,3.16,0.3,1186.03
11333,Juarez,Entire home/apt,224,31,28,4.41,0.92,6149.26
11334,Narvarte,Private room,226,300,495,0.33,0.18,1207.4
11335,Centro Historico,Entire home/apt,162,281,350,5.33,0.23,1118.47
11336,Del Valle,Entire home/apt,272,315,553,4.22,0.14,1117.81
11337,Condesa,Entire home/apt,146,131,298,1.3,0.64,2808
11338,Del Valle,Entire home/apt,179,137,191,1.1,0.62,3354.41
11339,Del Valle,Private room,99,122,63,2.59,0.67,1977.29
11340,Del Valle,Entire home/apt,281,282,214,4.91,0.23,1916.96
11341,Juarez,Private room,257,345,165,5.06,0.05,422.47
11342,Narvarte,Private room,140,139,542,3.12,0.62,2600.55
11343,Juarez,Entire home/apt,215,141,231,5.16,0.61,3958.36
11344,Roma Norte,Entire home/apt,218,94,540,0.03,0.74,4855.73
11345,Juarez,Entire home/apt,260,359,194,0.21,0.02,128.22
11346,Condesa,Private room,299,90,505,5.47,0.75,6758.22
11347,Condesa,Entire home/apt,123,334,333,4.65,0.08,313.4
11348,Juarez,Entire home/apt,210,78,303,2.7,0.79,4953.7
11349,Narvarte,Private room,52,157,436,4.52,0.57,888.99
11350,Coyoacan,Entire home/apt,140,25,322,5.73,0.93,3912.33
11351,Centro Historico,Private room,201,316,501,4.63,0.13,809.51
11352,Narvarte,Entire home/apt,47,114,392,5.05,0.69,969.62
11353,Juarez,Entire home/apt,66,174,598,4.56,0.52,1036.11
11354,Del Valle,Entire home/apt,74,210,148,1.01,0.42,942.74
11355,Polanco,Private room,182,206,404,5,0.44,2378.47
11356,Centro Historico,Entire home/apt,252,194,282,1.17,0.47,3541.81
11357,Centro Historico,Private room,253,331,361,5.36,0.09,707.01
11358,Condesa,Private room,116,274,378,2.75,0.25,867.62
11359,Centro Historico,Entire home/apt,242,109,197,4.06,0.7,5091.95
11360,Juarez,Private room,235,351,555,2.98,0.04,270.41
11361,Del Valle,Entire home/apt,72,329,355,0.56,0.1,213.04
11362,Del Valle,Entire home/apt,245,223,539,1.74,0.39,2859.45
11363,Roma Norte,Entire home/apt,283,287,428,5.9,0.21,1814.3
11364,Del Valle,Private room,261,171,16,5.76,0.53,4161.7
11365,Narvarte,Entire home/apt,82,166,378,1.92,0.55,1341.21
11366,Del Valle,Entire home/apt,52,260,505,5.98,0.29,448.77
11367,Condesa,Entire home/apt,230,106,75,5.07,0.71,4896.16
11368,Del Valle,Entire home/apt,221,27,230,3.67,0.93,6139.56
11369,Roma Norte,Entire home/apt,258,336,247,0.24,0.08,614.96
11370,Polanco,Private room,263,106,301,5.41,0.71,5598.66
11371,Juarez,Private room,111,10,214,3.34,0.97,3238.77
11372,Condesa,Entire home/apt,222,225,157,5.21,0.38,2554.52
11373,Narvarte,Private room,129,141,68,5.01,0.61,2375.01
11374,Polanco,Entire home/apt,166,269,392,5,0.26,1309.81
11375,Condesa,Private room,73,134,84,4.19,0.63,1386
11376,Coyoacan,Entire home/apt,106,91,266,1.75,0.75,2387.18
11377,Centro Historico,Entire home/apt,194,292,68,2.02,0.2,1164
11378,Coyoacan,Entire home/apt,221,180,346,1.85,0.51,3360.41
11379,Del Valle,Private room,225,68,422,0.12,0.81,5492.47
11380,Polanco,Entire home/apt,154,41,173,3.5,0.89,4101.04
11381,Del Valle,Entire home/apt,254,170,114,4.19,0.53,4070.96
11382,Centro Historico,Entire home/apt,87,293,219,5.12,0.2,514.85
11383,Condesa,Entire home/apt,256,115,30,0.84,0.68,5260.27
11384,Centro Historico,Entire home/apt,165,114,522,3.27,0.69,3403.97
11385,Roma Norte,Entire home/apt,271,237,342,0.05,0.35,2851.07
11386,Centro Historico,Private room,280,197,376,0.57,0.46,3866.3
11387,Roma Norte,Entire home/apt,260,79,129,0.33,0.78,6111.78
11388,Centro Historico,Private room,242,327,538,4.35,0.1,755.84
11389,Juarez,Entire home/apt,130,299,1,0.49,0.18,705.21
11390,Roma Norte,Private room,234,96,100,4.3,0.74,5173.64
11391,Polanco,Private room,281,65,532,1.5,0.82,6928.77
11392,Del Valle,Entire home/apt,106,122,57,5.27,0.67,2117.1
11393,Narvarte,Entire home/apt,219,22,388,4.88,0.94,6174
11394,Del Valle,Entire home/apt,40,27,340,5.75,0.93,1111.23
11395,Coyoacan,Entire home/apt,240,191,19,5.3,0.48,3432.33
11396,Del Valle,Private room,66,122,254,5.6,0.67,1318.19
11397,Condesa,Entire home/apt,133,238,316,5.15,0.35,1388.3
11398,Juarez,Entire home/apt,290,180,37,4.16,0.51,4409.59
11399,Centro Historico,Entire home/apt,221,304,536,1.02,0.17,1108.03
11400,Coyoacan,Private room,110,198,385,1.63,0.46,1509.86
11401,Condesa,Entire home/apt,211,88,25,1.28,0.76,4803.86
11402,Condesa,Entire home/apt,289,155,453,3.62,0.58,4988.22
11403,Roma Norte,Entire home/apt,224,191,322,3.02,0.48,3203.51
11404,Del Valle,Private room,161,295,512,5.2,0.19,926.3
11405,Polanco,Entire home/apt,288,259,12,5.72,0.29,2509.15
11406,Narvarte,Entire home/apt,247,363,559,2.43,0.01,40.6
11407,Polanco,Entire home/apt,284,323,370,3.04,0.12,980.38
11408,Coyoacan,Entire home/apt,118,205,290,5.83,0.44,1551.78
11409,Juarez,Entire home/apt,47,332,331,1.66,0.09,127.48
11410,Polanco,Private room,79,80,260,4.75,0.78,1850.55
11411,Centro Historico,Entire home/apt,161,257,204,1.35,0.3,1429.15
11412,Polanco,Entire home/apt,148,155,386,4.09,0.58,2554.52
11413,Coyoacan,Entire home/apt,239,115,467,1.52,0.68,4910.96
11414,Narvarte,Private room,92,272,414,5.3,0.25,703.23
11415,Polanco,Entire home/apt,253,305,68,3.37,0.16,1247.67
11416,Centro Historico,Private room,143,79,471,1.12,0.78,3361.48
11417,Roma Norte,Entire home/apt,208,202,103,1.35,0.45,2786.63
11418,Juarez,Entire home/apt,298,77,160,2.96,0.79,7054.03
11419,Coyoacan,Entire home/apt,145,314,199,5.77,0.14,607.81
11420,Roma Norte,Entire home/apt,221,61,215,4.62,0.83,5521.97
11421,Roma Norte,Entire home/apt,263,294,211,2.93,0.19,1534.77
11422,Roma Norte,Entire home/apt,190,343,507,2.03,0.06,343.56
11423,Condesa,Entire home/apt,223,18,15,3.3,0.95,6360.08
11424,Juarez,Private room,36,260,497,4.49,0.29,310.68
11425,Narvarte,Entire home/apt,280,341,331,4.7,0.07,552.33
11426,Del Valle,Private room,244,307,550,1.95,0.16,1163.18
11427,Juarez,Entire home/apt,47,193,255,4.33,0.47,664.44
11428,Condesa,Entire home/apt,130,188,171,3.95,0.48,1891.23
11429,Del Valle,Entire home/apt,255,207,497,5.75,0.43,3311.51
11430,Juarez,Entire home/apt,272,137,470,5.59,0.62,5097.21
11431,Roma Norte,Entire home/apt,128,29,383,4.74,0.92,3534.9
11432,Coyoacan,Entire home/apt,205,337,588,4.34,0.08,471.78
11433,Del Valle,Entire home/apt,128,74,506,1.64,0.8,3061.48
11434,Centro Historico,Entire home/apt,183,191,526,5.08,0.48,2617.15
11435,Centro Historico,Entire home/apt,146,250,324,2.57,0.32,1380
11436,Polanco,Private room,89,33,213,1.63,0.91,2428.6
11437,Del Valle,Private room,150,92,207,2.3,0.75,3365.75
11438,Coyoacan,Private room,177,328,168,5.02,0.1,538.27
11439,Narvarte,Private room,235,194,329,0.89,0.47,3302.88
11440,Condesa,Entire home/apt,214,325,279,2.74,0.11,703.56
11441,Roma Norte,Entire home/apt,236,108,304,2.95,0.7,4985.1
11442,Polanco,Private room,87,71,145,0.22,0.81,2102.3
11443,Centro Historico,Entire home/apt,214,295,515,1.17,0.19,1231.23
11444,Condesa,Entire home/apt,171,31,89,4.96,0.92,4694.3
11445,Condesa,Entire home/apt,216,221,452,4.98,0.39,2556.49
11446,Roma Norte,Entire home/apt,35,135,59,1.75,0.63,661.64
11447,Narvarte,Entire home/apt,78,51,310,5.25,0.86,2013.04
11448,Narvarte,Private room,261,107,527,4.63,0.71,5534.63
11449,Del Valle,Entire home/apt,132,40,226,2.51,0.89,3526.03
11450,Centro Historico,Entire home/apt,242,167,473,4.49,0.54,3938.3
11451,Narvarte,Private room,299,121,540,5.77,0.67,5996.38
11452,Coyoacan,Entire home/apt,174,256,78,2.75,0.3,1558.85
11453,Narvarte,Entire home/apt,271,131,432,1.43,0.64,5212.11
11454,Condesa,Entire home/apt,106,282,152,5.65,0.23,723.12
11455,Roma Norte,Private room,189,303,400,3.62,0.17,963.12
11456,Coyoacan,Private room,224,216,278,0.63,0.41,2743.23
11457,Del Valle,Entire home/apt,141,119,56,3.44,0.67,2850.9
11458,Centro Historico,Private room,266,287,185,3,0.21,1705.32
11459,Del Valle,Entire home/apt,76,65,397,5.13,0.82,1873.97
11460,Condesa,Private room,224,66,157,3.18,0.82,5504.88
11461,Coyoacan,Private room,173,300,358,1.53,0.18,924.25
11462,Coyoacan,Private room,137,123,439,4.05,0.66,2724.99
11463,Coyoacan,Entire home/apt,205,317,588,3.26,0.13,808.77
11464,Condesa,Private room,255,350,465,1.4,0.04,314.38
11465,Condesa,Private room,247,207,445,3.44,0.43,3207.62
11466,Del Valle,Entire home/apt,90,330,487,4.93,0.1,258.9
11467,Polanco,Private room,136,188,529,0.17,0.48,1978.52
11468,Del Valle,Entire home/apt,226,228,72,3.79,0.38,2544.82
11469,Centro Historico,Private room,234,286,16,2.1,0.22,1519.4
11470,Roma Norte,Entire home/apt,267,25,530,1.76,0.93,7461.37
11471,Coyoacan,Entire home/apt,261,70,325,2.36,0.81,6328.36
11472,Polanco,Entire home/apt,173,63,545,2.05,0.83,4294.19
11473,Roma Norte,Entire home/apt,183,177,595,4.99,0.52,2827.73
11474,Polanco,Entire home/apt,149,35,201,1.65,0.9,4041.37
11475,Narvarte,Entire home/apt,97,345,343,4.4,0.05,159.45
11476,Narvarte,Entire home/apt,138,74,522,0.56,0.8,3300.66
11477,Juarez,Entire home/apt,190,109,399,5.71,0.7,3997.81
11478,Narvarte,Entire home/apt,40,83,217,3.73,0.77,927.12
11479,Del Valle,Entire home/apt,181,201,444,4.24,0.45,2439.78
11480,Narvarte,Entire home/apt,218,180,221,1.79,0.51,3314.79
11481,Condesa,Private room,62,282,382,2.47,0.23,422.96
11482,Coyoacan,Entire home/apt,72,196,591,1.34,0.46,1000.11
11483,Del Valle,Private room,153,32,6,5.6,0.91,4187.59
11484,Roma Norte,Private room,278,190,271,2.93,0.48,3998.63
11485,Juarez,Entire home/apt,102,336,15,3.78,0.08,243.12
11486,Juarez,Entire home/apt,248,117,423,4.41,0.68,5055.12
11487,Juarez,Private room,252,344,523,2.23,0.06,434.96
11488,Roma Norte,Entire home/apt,211,171,20,4.32,0.53,3364.44
11489,Roma Norte,Entire home/apt,198,311,227,4.06,0.15,878.79
11490,Roma Norte,Entire home/apt,92,215,287,4.23,0.41,1134.25
11491,Roma Norte,Private room,92,87,133,2.94,0.76,2102.14
11492,Juarez,Entire home/apt,139,25,282,2.3,0.93,3884.38
11493,Juarez,Entire home/apt,262,336,403,1.33,0.08,624.49
11494,Polanco,Private room,281,105,65,4.95,0.71,6004.93
11495,Del Valle,Private room,222,156,436,3.65,0.57,3813.53
11496,Coyoacan,Entire home/apt,117,11,258,2.67,0.97,3404.22
11497,Narvarte,Entire home/apt,220,19,102,5.66,0.95,6256.44
11498,Narvarte,Private room,286,134,566,0.29,0.63,5430.08
11499,Condesa,Entire home/apt,272,90,100,5.1,0.75,6147.95
11500,Juarez,Entire home/apt,218,149,197,5.99,0.59,3870.25
